<?xml version = "1.0"?>
<XML ID = "EQInterfaceDefinitionLanguage">
	<Schema xmlns = "EverQuestData" xmlns:dt = "EverQuestDataTypes"/>

	<InvSlot item = "InvSlot0">
		<ScreenID>InvSlot0</ScreenID>
	</InvSlot>
	
	<InvSlot item = "InvSlot1">
		<ScreenID>InvSlot1</ScreenID>
		<!--<Font>3</Font>-->
		<RelativePosition>true</RelativePosition>
		<Location>
			<X>47</X>
			<Y>4</Y>
		</Location>
		<Size>
			<CX>40</CX>
			<CY>40</CY>
		</Size>
		<Background>A_InvEar</Background>
		<EQType>1</EQType>
		<Style_VScroll>false</Style_VScroll>
		<Style_HScroll>false</Style_HScroll>
		<Style_Transparent>false</Style_Transparent>
		<!--<TooltipReference/>-->
	</InvSlot>

	<InvSlot item = "InvSlot2">
		<ScreenID>InvSlot2</ScreenID>
		<!--<Font>3</Font>-->
		<RelativePosition>true</RelativePosition>
		<Location>
			<X>173</X>
			<Y>4</Y>
		</Location>
		<Size>
			<CX>40</CX>
			<CY>40</CY>
		</Size>
		<Background>A_InvHead</Background>
		<EQType>2</EQType>
		<Style_VScroll>false</Style_VScroll>
		<Style_HScroll>false</Style_HScroll>
		<Style_Transparent>false</Style_Transparent>
		<!--<TooltipReference/>-->
	</InvSlot>

	<InvSlot item = "InvSlot3">
		<ScreenID>InvSlot3</ScreenID>
		<!--<Font>3</Font>-->
		<RelativePosition>true</RelativePosition>
		<Location>
			<X>131</X>
			<Y>4</Y>
		</Location>
		<Size>
			<CX>40</CX>
			<CY>40</CY>
		</Size>
		<Background>A_InvFace</Background>
		<EQType>3</EQType>
		<Style_VScroll>false</Style_VScroll>
		<Style_HScroll>false</Style_HScroll>
		<Style_Transparent>false</Style_Transparent>
		<!--<TooltipReference/>-->
	</InvSlot>

	<InvSlot item = "InvSlot4">
		<ScreenID>InvSlot4</ScreenID>
		<!--<Font>3</Font>-->
		<RelativePosition>true</RelativePosition>
		<Location>
			<X>215</X>
			<Y>4</Y>
		</Location>
		<Size>
			<CX>40</CX>
			<CY>40</CY>
		</Size>
		<Background>A_InvEar</Background>
		<EQType>4</EQType>
		<Style_VScroll>false</Style_VScroll>
		<Style_HScroll>false</Style_HScroll>
		<Style_Transparent>false</Style_Transparent>
		<!--<TooltipReference/>-->
	</InvSlot>

	<InvSlot item = "InvSlot5">
		<ScreenID>InvSlot5</ScreenID>
		<!--<Font>3</Font>-->
		<RelativePosition>true</RelativePosition>
		<Location>
			<X>89</X>
			<Y>4</Y>
		</Location>
		<Size>
			<CX>40</CX>
			<CY>40</CY>
		</Size>
		<Background>A_InvNeck</Background>
		<EQType>5</EQType>
		<Style_VScroll>false</Style_VScroll>
		<Style_HScroll>false</Style_HScroll>
		<Style_Transparent>false</Style_Transparent>
		<!--<TooltipReference/>-->
	</InvSlot>

	<InvSlot item = "InvSlot6">
		<ScreenID>InvSlot6</ScreenID>
		<!--<Font>3</Font>-->
		<RelativePosition>true</RelativePosition>
		<Location>
			<X>5</X>
			<Y>90</Y>
		</Location>
		<Size>
			<CX>40</CX>
			<CY>40</CY>
		</Size>
		<Background>A_InvShoulders</Background>
		<EQType>6</EQType>
		<Style_VScroll>false</Style_VScroll>
		<Style_HScroll>false</Style_HScroll>
		<Style_Transparent>false</Style_Transparent>
		<!--<TooltipReference/>-->
	</InvSlot>

	<InvSlot item = "InvSlot7">
		<ScreenID>InvSlot7</ScreenID>
		<!--<Font>3</Font>-->
		<RelativePosition>true</RelativePosition>
		<Location>
			<X>89</X>
			<Y>47</Y>
		</Location>
		<Size>
			<CX>40</CX>
			<CY>40</CY>
		</Size>
		<Background>A_InvArms</Background>
		<EQType>7</EQType>
		<Style_VScroll>false</Style_VScroll>
		<Style_HScroll>false</Style_HScroll>
		<Style_Transparent>false</Style_Transparent>
		<!--<TooltipReference/>-->
	</InvSlot>

	<InvSlot item = "InvSlot8">
		<ScreenID>InvSlot8</ScreenID>
		<!--<Font>3</Font>-->
		<RelativePosition>true</RelativePosition>
		<Location>
			<X>89</X>
			<Y>90</Y>
		</Location>
		<Size>
			<CX>40</CX>
			<CY>40</CY>
		</Size>
		<Background>A_InvAboutBody</Background>
		<EQType>8</EQType>
		<Style_VScroll>false</Style_VScroll>
		<Style_HScroll>false</Style_HScroll>
		<Style_Transparent>false</Style_Transparent>
		<!--<TooltipReference/>-->
	</InvSlot>

	<InvSlot item = "InvSlot9">
		<ScreenID>InvSlot9</ScreenID>
		<!--<Font>3</Font>-->
		<RelativePosition>true</RelativePosition>
		<Location>
			<X>47</X>
			<Y>47</Y>
		</Location>
		<Size>
			<CX>40</CX>
			<CY>40</CY>
		</Size>
		<Background>A_InvWrist</Background>
		<EQType>9</EQType>
		<Style_VScroll>false</Style_VScroll>
		<Style_HScroll>false</Style_HScroll>
		<Style_Transparent>false</Style_Transparent>
		<!--<TooltipReference/>-->
	</InvSlot>

	<InvSlot item = "InvSlot10">
		<ScreenID>InvSlot10</ScreenID>
		<!--<Font>3</Font>-->
		<RelativePosition>true</RelativePosition>
		<Location>
			<X>173</X>
			<Y>47</Y>
		</Location>
		<Size>
			<CX>40</CX>
			<CY>40</CY>
		</Size>
		<Background>A_InvWrist</Background>
		<EQType>10</EQType>
		<Style_VScroll>false</Style_VScroll>
		<Style_HScroll>false</Style_HScroll>
		<Style_Transparent>false</Style_Transparent>
		<!--<TooltipReference/>-->
	</InvSlot>

	<InvSlot item = "InvSlot11">
		<ScreenID>InvSlot11</ScreenID>
		<!--<Font>3</Font>-->
		<RelativePosition>true</RelativePosition>
		<Location>
			<X>173</X>
			<Y>133</Y>
		</Location>
		<Size>
			<CX>40</CX>
			<CY>40</CY>
		</Size>
		<Background>A_InvRange</Background>
		<EQType>11</EQType>
		<Style_VScroll>false</Style_VScroll>
		<Style_HScroll>false</Style_HScroll>
		<Style_Transparent>false</Style_Transparent>
		<!--<TooltipReference/>-->
	</InvSlot>

	<InvSlot item = "InvSlot12">
		<ScreenID>InvSlot12</ScreenID>
		<!--<Font>3</Font>-->
		<RelativePosition>true</RelativePosition>
		<Location>
			<X>131</X>
			<Y>47</Y>
		</Location>
		<Size>
			<CX>40</CX>
			<CY>40</CY>
		</Size>
		<Background>A_InvHands</Background>
		<EQType>12</EQType>
		<Style_VScroll>false</Style_VScroll>
		<Style_HScroll>false</Style_HScroll>
		<Style_Transparent>false</Style_Transparent>
		<!--<TooltipReference/>-->
	</InvSlot>

	<InvSlot item = "InvSlot13">
		<ScreenID>InvSlot13</ScreenID>
		<!--<Font>3</Font>-->
		<RelativePosition>true</RelativePosition>
		<Location>
			<X>89</X>
			<Y>133</Y>
		</Location>
		<Size>
			<CX>40</CX>
			<CY>40</CY>
		</Size>
		<Background>A_InvPrimary</Background>
		<EQType>13</EQType>
		<Style_VScroll>false</Style_VScroll>
		<Style_HScroll>false</Style_HScroll>
		<Style_Transparent>false</Style_Transparent>
		<!--<TooltipReference/>-->
	</InvSlot>

	<InvSlot item = "InvSlot14">
		<ScreenID>InvSlot14</ScreenID>
		<!--<Font>3</Font>-->
		<RelativePosition>true</RelativePosition>
		<Location>
			<X>131</X>
			<Y>133</Y>
		</Location>
		<Size>
			<CX>40</CX>
			<CY>40</CY>
		</Size>
		<Background>A_InvSecondary</Background>
		<EQType>14</EQType>
		<Style_VScroll>false</Style_VScroll>
		<Style_HScroll>false</Style_HScroll>
		<Style_Transparent>false</Style_Transparent>
		<!--<TooltipReference/>-->
	</InvSlot>

	<InvSlot item = "InvSlot15">
		<ScreenID>InvSlot15</ScreenID>
		<!--<Font>3</Font>-->
		<RelativePosition>true</RelativePosition>
		<Location>
			<X>5</X>
			<Y>47</Y>
		</Location>
		<Size>
			<CX>40</CX>
			<CY>40</CY>
		</Size>
		<Background>A_InvRing</Background>
		<EQType>15</EQType>
		<Style_VScroll>false</Style_VScroll>
		<Style_HScroll>false</Style_HScroll>
		<Style_Transparent>false</Style_Transparent>
		<!--<TooltipReference/>-->
	</InvSlot>

	<InvSlot item = "InvSlot16">
		<ScreenID>InvSlot16</ScreenID>
		<!--<Font>3</Font>-->
		<RelativePosition>true</RelativePosition>
		<Location>
			<X>215</X>
			<Y>47</Y>
		</Location>
		<Size>
			<CX>40</CX>
			<CY>40</CY>
		</Size>
		<Background>A_InvRing</Background>
		<EQType>16</EQType>
		<Style_VScroll>false</Style_VScroll>
		<Style_HScroll>false</Style_HScroll>
		<Style_Transparent>false</Style_Transparent>
		<!--<TooltipReference/>-->
	</InvSlot>

	<InvSlot item = "InvSlot17">
		<ScreenID>InvSlot17</ScreenID>
		<!--<Font>3</Font>-->
		<RelativePosition>true</RelativePosition>
		<Location>
			<X>47</X>
			<Y>90</Y>
		</Location>
		<Size>
			<CX>40</CX>
			<CY>40</CY>
		</Size>
		<Background>A_InvChest</Background>
		<EQType>17</EQType>
		<Style_VScroll>false</Style_VScroll>
		<Style_HScroll>false</Style_HScroll>
		<Style_Transparent>false</Style_Transparent>
		<!--<TooltipReference/>-->
	</InvSlot>

	<InvSlot item = "InvSlot18">
		<ScreenID>InvSlot18</ScreenID>
		<!--<Font>3</Font>-->
		<RelativePosition>true</RelativePosition>
		<Location>
			<X>173</X>
			<Y>90</Y>
		</Location>
		<Size>
			<CX>40</CX>
			<CY>40</CY>
		</Size>
		<Background>A_InvLegs</Background>
		<EQType>18</EQType>
		<Style_VScroll>false</Style_VScroll>
		<Style_HScroll>false</Style_HScroll>
		<Style_Transparent>false</Style_Transparent>
		<!--<TooltipReference/>-->
	</InvSlot>

	<InvSlot item = "InvSlot19">
		<ScreenID>InvSlot19</ScreenID>
		<!--<Font>3</Font>-->
		<RelativePosition>true</RelativePosition>
		<Location>
			<X>215</X>
			<Y>90</Y>
		</Location>
		<Size>
			<CX>40</CX>
			<CY>40</CY>
		</Size>
		<Background>A_InvFeet</Background>
		<EQType>19</EQType>
		<Style_VScroll>false</Style_VScroll>
		<Style_HScroll>false</Style_HScroll>
		<Style_Transparent>false</Style_Transparent>
		<!--<TooltipReference/>-->
	</InvSlot>

	<InvSlot item = "InvSlot20">
		<ScreenID>InvSlot20</ScreenID>
		<!--<Font>3</Font>-->
		<RelativePosition>true</RelativePosition>
		<Location>
			<X>131</X>
			<Y>90</Y>
		</Location>
		<Size>
			<CX>40</CX>
			<CY>40</CY>
		</Size>
		<Background>A_InvWaist</Background>
		<EQType>20</EQType>
		<Style_VScroll>false</Style_VScroll>
		<Style_HScroll>false</Style_HScroll>
		<Style_Transparent>false</Style_Transparent>
		<!--<TooltipReference/>-->
	</InvSlot>

	<InvSlot item = "InvSlot21">
		<ScreenID>InvSlot21</ScreenID>
		<!--<Font>3</Font>-->
		<RelativePosition>true</RelativePosition>
		<Location>
			<X>215</X>
			<Y>133</Y>
		</Location>
		<Size>
			<CX>40</CX>
			<CY>40</CY>
		</Size>
		<Background>A_InvAmmo</Background>
		<EQType>21</EQType>
		<Style_VScroll>false</Style_VScroll>
		<Style_HScroll>false</Style_HScroll>
		<Style_Transparent>false</Style_Transparent>
		<!--<TooltipReference/>-->
	</InvSlot>
	
	<StaticAnimation item= "ClassAnim">
		<ScreenID>ClassAnim</ScreenID>
		<Location>
			<X>6</X>
			<Y>22</Y>
		</Location>
		<Size>
			<CX>64</CX>
			<CY>128</CY>
		</Size>
		<!-- Do NOT include an animation here since it messes with other UIs.	Instead an animation instance is dynamically created and used. -->
	</StaticAnimation>

	<Screen item ="IW_CharacterView">
		<ScreenID>IW_CharacterView</ScreenID>
		<RelativePosition>true</RelativePosition>
		<Location>
			<X>5</X>
			<Y>133</Y>
		</Location>
		<Size>
			<CX>82</CX>
			<CY>162</CY>
		</Size>
		<Style_VScroll>false</Style_VScroll>
		<Style_HScroll>false</Style_HScroll>
		<Style_Transparent>false</Style_Transparent>
		<TooltipReference>Drop Item Here to Auto Equip</TooltipReference>
		<DrawTemplate>WDT_Inner</DrawTemplate>
		<Style_Titlebar>false</Style_Titlebar>
		<Style_Closebox>false</Style_Closebox>
		<Style_Minimizebox>false</Style_Minimizebox>
		<Style_Border>true</Style_Border>
		<Style_Sizable>false</Style_Sizable>
		<Pieces>ClassAnim</Pieces>
	</Screen>	
	
  <Button item = "IW_DoneButton">
		<ScreenID>DoneButton</ScreenID>
		<Font>4</Font>
		<RelativePosition>true</RelativePosition>
		<Location>
			<X>5</X>
			<Y>298</Y>
		</Location>
		<Size>
			<CX>82</CX>
			<CY>46</CY>
		</Size>
		<Style_Transparent>false</Style_Transparent>
		<!--<TooltipReference/>-->
		<Style_Checkbox>false</Style_Checkbox>
		<!--<RadioGroup/>-->
		<Text>Done</Text>
		<TextColor>
			<R>255</R>
			<G>255</G>
			<B>255</B>
		</TextColor>
		<ButtonDrawTemplate>
			<Normal>A_BtnNormal</Normal>
			<Pressed>A_BtnPressed</Pressed>
			<Flyby>A_BtnFlyby</Flyby>
			<Disabled>A_BtnDisabled</Disabled>
			<PressedFlyby>A_BtnPressedFlyby</PressedFlyby>
		</ButtonDrawTemplate>
	</Button>
	
	<Button item = "IW_Money0">
		<ScreenID>IW_Money0</ScreenID>
		<!--<Font>3</Font>-->
		<RelativePosition>true</RelativePosition>
		<Location>
			<X>89</X>
			<Y>176</Y>
		</Location>
		<Size>
			<CX>82</CX>
			<CY>22</CY>
		</Size>
		<Style_Transparent>false</Style_Transparent>
		<TooltipReference>Platinum Pieces</TooltipReference>
		<Style_Checkbox>false</Style_Checkbox>
		<!--<RadioGroup/>-->
		<Text>9999</Text>
		<TextColor>
				<R>255</R>
				<G>255</G>
				<B>255</B>
		</TextColor>
		<ButtonDrawTemplate>
			<Normal>A_CoinBox</Normal>
			<NormalDecal>A_PlatinumCoin</NormalDecal>
		</ButtonDrawTemplate>
		<DecalOffset>
			<X>3</X>
			<Y>2</Y>
		</DecalOffset>
		<DecalSize>
			<CX>18</CX>
			<CY>18</CY>
		</DecalSize>
	</Button>
	<Button item = "IW_Money1">
		<ScreenID>IW_Money1</ScreenID>
		<!--<Font>3</Font>-->
		<RelativePosition>true</RelativePosition>
		<Location>
			<X>89</X>
			<Y>200</Y>
		</Location>
		<Size>
			<CX>82</CX>
			<CY>22</CY>
		</Size>
		<Style_Transparent>false</Style_Transparent>
		<TooltipReference>Gold Pieces</TooltipReference>
		<Style_Checkbox>false</Style_Checkbox>
		<!--<RadioGroup/>-->
		<Text>9999</Text>
		<TextColor>
				<R>255</R>
				<G>255</G>
				<B>255</B>
		</TextColor>
		<ButtonDrawTemplate>
			<Normal>A_CoinBox</Normal>
			<NormalDecal>A_GoldCoin</NormalDecal>
		</ButtonDrawTemplate>
		<DecalOffset>
			<X>3</X>
			<Y>2</Y>
		</DecalOffset>
		<DecalSize>
			<CX>18</CX>
			<CY>18</CY>
		</DecalSize>
	</Button>
	<Button item = "IW_Money2">
		<ScreenID>IW_Money2</ScreenID>
		<!--<Font>3</Font>-->
		<RelativePosition>true</RelativePosition>
		<Location>
			<X>89</X>
			<Y>224</Y>
		</Location>
		<Size>
			<CX>82</CX>
			<CY>22</CY>
		</Size>
		<Style_Transparent>false</Style_Transparent>
		<TooltipReference>Silver Pieces</TooltipReference>
		<Style_Checkbox>false</Style_Checkbox>
		<!--<RadioGroup/>-->
		<Text>9999</Text>
		<TextColor>
				<R>255</R>
				<G>255</G>
				<B>255</B>
		</TextColor>
		<ButtonDrawTemplate>
			<Normal>A_CoinBox</Normal>
			<NormalDecal>A_SilverCoin</NormalDecal>
		</ButtonDrawTemplate>
		<DecalOffset>
			<X>3</X>
			<Y>2</Y>
		</DecalOffset>
		<DecalSize>
			<CX>18</CX>
			<CY>18</CY>
		</DecalSize>
	</Button>
	<Button item = "IW_Money3">
		<ScreenID>IW_Money3</ScreenID>
		<!--<Font>3</Font>-->
		<RelativePosition>true</RelativePosition>
		<Location>
			<X>89</X>
			<Y>248</Y>
		</Location>
		<Size>
			<CX>82</CX>
			<CY>22</CY>
		</Size>
		<Style_Transparent>false</Style_Transparent>
		<TooltipReference>Copper Pieces</TooltipReference>
		<Style_Checkbox>false</Style_Checkbox>
		<!--<RadioGroup/>-->
		<Text>9999</Text>
		<TextColor>
				<R>255</R>
				<G>255</G>
				<B>255</B>
		</TextColor>
		<ButtonDrawTemplate>
			<Normal>A_CoinBox</Normal>
			<NormalDecal>A_CopperCoin</NormalDecal>
		</ButtonDrawTemplate>
		<DecalOffset>
			<X>3</X>
			<Y>2</Y>
		</DecalOffset>
		<DecalSize>
			<CX>18</CX>
			<CY>18</CY>
		</DecalSize>
	</Button>

	<Button item = "IW_FacePick">
		<ScreenID>IW_FacePick</ScreenID>
		<!--<Font>3</Font>-->
		<RelativePosition>true</RelativePosition>
		<Location>
			<X>89</X>
			<Y>272</Y>
		</Location>
		<Size>
			<CX>82</CX>
			<CY>22</CY>
		</Size>
		<Style_Transparent>false</Style_Transparent>
		<!--<TooltipReference/>-->
		<Style_Checkbox>false</Style_Checkbox>
		<!--<RadioGroup/>-->
		<Text>Face</Text>
		<TextColor>
			<R>255</R>
			<G>255</G>
			<B>255</B>
		</TextColor>
		<ButtonDrawTemplate>
			<Normal>A_BtnNormal</Normal>
			<Pressed>A_BtnPressed</Pressed>
			<Flyby>A_BtnFlyby</Flyby>
			<Disabled>A_BtnDisabled</Disabled>
			<PressedFlyby>A_BtnPressedFlyby</PressedFlyby>
		</ButtonDrawTemplate>
	</Button>

	<Button item = "IW_Skills">
		<ScreenID>IW_Skills</ScreenID>
		<!--<Font>3</Font>-->
		<RelativePosition>true</RelativePosition>
		<Location>
			<X>89</X>
			<Y>297</Y>
		</Location>
		<Size>
			<CX>82</CX>
			<CY>22</CY>
		</Size>
		<Style_Transparent>false</Style_Transparent>
		<!--<TooltipReference/>-->
		<Style_Checkbox>false</Style_Checkbox>
		<!--<RadioGroup/>-->
		<Text>Skills</Text>
		<TextColor>
				<R>255</R>
				<G>255</G>
				<B>255</B>
		</TextColor>
		<ButtonDrawTemplate>
			<Normal>A_BtnNormal</Normal>
			<Pressed>A_BtnPressed</Pressed>
			<Flyby>A_BtnFlyby</Flyby>
			<Disabled>A_BtnDisabled</Disabled>
			<PressedFlyby>A_BtnPressedFlyby</PressedFlyby>
		</ButtonDrawTemplate>
	</Button>
	
  <Button item = "IW_Destroy">
		<ScreenID>IW_Destroy</ScreenID>
		<!--<Font>3</Font>-->
		<RelativePosition>true</RelativePosition>
		<Location>
			<X>89</X>
			<Y>322</Y>
		</Location>
		<Size>
			<CX>82</CX>
			<CY>22</CY>
		</Size>
		<Style_Transparent>false</Style_Transparent>
		<!--<TooltipReference/>-->
		<Style_Checkbox>false</Style_Checkbox>
		<!--<RadioGroup/>-->
		<Text>Destroy</Text>
		<TextColor>
				<R>255</R>
				<G>255</G>
				<B>255</B>
		</TextColor>
		<ButtonDrawTemplate>
			<Normal>A_BtnNormal</Normal>
			<Pressed>A_BtnPressed</Pressed>
			<Flyby>A_BtnFlyby</Flyby>
			<Disabled>A_BtnDisabled</Disabled>
			<PressedFlyby>A_BtnPressedFlyby</PressedFlyby>
		</ButtonDrawTemplate>
	</Button>
	
	<InvSlot item = "InvSlot22">
		<ScreenID>InvSlot22</ScreenID>
		<!--<Font>3</Font>-->
		<RelativePosition>true</RelativePosition>
		<Location>
			<X>173</X>
			<Y>176</Y>
		</Location>
		<Size>
			<CX>40</CX>
			<CY>40</CY>
		</Size>
		<Background>A_RecessedBox</Background>
		<EQType>22</EQType>
		<Style_VScroll>false</Style_VScroll>
		<Style_HScroll>false</Style_HScroll>
		<Style_Transparent>false</Style_Transparent>
		<!--<TooltipReference/>-->
	</InvSlot>
	
	<InvSlot item = "InvSlot23">
		<ScreenID>InvSlot23</ScreenID>
		<!--<Font>3</Font>-->
		<RelativePosition>true</RelativePosition>
		<Location>
			<X>173</X>
			<Y>219</Y>
		</Location>
		<Size>
			<CX>40</CX>
			<CY>40</CY>
		</Size>
		<Background>A_RecessedBox</Background>
		<EQType>23</EQType>
		<Style_VScroll>false</Style_VScroll>
		<Style_HScroll>false</Style_HScroll>
		<Style_Transparent>false</Style_Transparent>
		<!--<TooltipReference/>-->
	</InvSlot>
	
	<InvSlot item = "InvSlot24">
		<ScreenID>InvSlot24</ScreenID>
		<!--<Font>3</Font>-->
		<RelativePosition>true</RelativePosition>
		<Location>
			<X>173</X>
			<Y>262</Y>
		</Location>
		<Size>
			<CX>40</CX>
			<CY>40</CY>
		</Size>
		<Background>A_RecessedBox</Background>
		<EQType>24</EQType>
		<Style_VScroll>false</Style_VScroll>
		<Style_HScroll>false</Style_HScroll>
		<Style_Transparent>false</Style_Transparent>
		<!--<TooltipReference/>-->
	</InvSlot>
	
	<InvSlot item = "InvSlot25">
		<ScreenID>InvSlot25</ScreenID>
		<!--<Font>3</Font>-->
		<RelativePosition>true</RelativePosition>
		<Location>
			<X>173</X>
			<Y>305</Y>
		</Location>
		<Size>
			<CX>40</CX>
			<CY>40</CY>
		</Size>
		<Background>A_RecessedBox</Background>
		<EQType>25</EQType>
		<Style_VScroll>false</Style_VScroll>
		<Style_HScroll>false</Style_HScroll>
		<Style_Transparent>false</Style_Transparent>
		<!--<TooltipReference/>-->
	</InvSlot>
	
	<InvSlot item = "InvSlot26">
		<ScreenID>InvSlot26</ScreenID>
		<!--<Font>3</Font>-->
		<RelativePosition>true</RelativePosition>
		<Location>
			<X>215</X>
			<Y>176</Y>
		</Location>
		<Size>
			<CX>40</CX>
			<CY>40</CY>
		</Size>
		<Background>A_RecessedBox</Background>
		<EQType>26</EQType>
		<Style_VScroll>false</Style_VScroll>
		<Style_HScroll>false</Style_HScroll>
		<Style_Transparent>false</Style_Transparent>
		<!--<TooltipReference/>-->
	</InvSlot>
	
	<InvSlot item = "InvSlot27">
		<ScreenID>InvSlot27</ScreenID>
		<!--<Font>3</Font>-->
		<RelativePosition>true</RelativePosition>
		<Location>
			<X>215</X>
			<Y>219</Y>
		</Location>
		<Size>
			<CX>40</CX>
			<CY>40</CY>
		</Size>
		<Background>A_RecessedBox</Background>
		<EQType>27</EQType>
		<Style_VScroll>false</Style_VScroll>
		<Style_HScroll>false</Style_HScroll>
		<Style_Transparent>false</Style_Transparent>
		<!--<TooltipReference/>-->
	</InvSlot>
	
	<InvSlot item = "InvSlot28">
		<ScreenID>InvSlot28</ScreenID>
		<!--<Font>3</Font>-->
		<RelativePosition>true</RelativePosition>
		<Location>
			<X>215</X>
			<Y>262</Y>
		</Location>
		<Size>
			<CX>40</CX>
			<CY>40</CY>
		</Size>
		<Background>A_RecessedBox</Background>
		<EQType>28</EQType>
		<Style_VScroll>false</Style_VScroll>
		<Style_HScroll>false</Style_HScroll>
		<Style_Transparent>false</Style_Transparent>
		<!--<TooltipReference/>-->
	</InvSlot>

	<InvSlot item="InvSlot29">
		<ScreenID>InvSlot29</ScreenID>
		<!--<Font>3</Font>-->
		<RelativePosition>true</RelativePosition>
		<Location>
			<X>215</X>
			<Y>305</Y>
		</Location>
		<Size>
			<CX>40</CX>
			<CY>40</CY>
		</Size>
		<Background>A_RecessedBox</Background>
		<EQType>29</EQType>
		<Style_VScroll>false</Style_VScroll>
		<Style_HScroll>false</Style_HScroll>
		<Style_Transparent>false</Style_Transparent>
		<!--<TooltipReference/>-->
	</InvSlot>	

	<Button item = "IW_Tinting">
		<ScreenID>IW_Tinting</ScreenID>
	</Button>

	<Button item = "IW_AltAdvBtn">
		<ScreenID>IW_AltAdvBtn</ScreenID>
	</Button>

	<Button item="IW_ReclaimButton">
		<ScreenID>IW_ReclaimButton</ScreenID>
	</Button>	
	
	<Button item="IW_GoodPoints">
		<ScreenID>IW_GoodPoints</ScreenID>
	</Button>

	<Button item="IW_EvilPoints">
		<ScreenID>IW_EvilPoints</ScreenID>
	</Button>

	<Label item ="IW_Name">
		<ScreenID>NameLabel</ScreenID>
		<EQType>1</EQType>
		<Font>2</Font>
		<RelativePosition>true</RelativePosition>
		<Location>
			<X>260</X>
			<Y>4</Y>
		</Location>
		<Size>
			<CX>112</CX>
			<CY>14</CY>
		</Size>
		<Text>Character</Text>
		<TextColor>
				<R>255</R>
				<G>255</G>
				<B>255</B>
		</TextColor>
		<NoWrap>true</NoWrap>
		<AlignCenter>false</AlignCenter>
		<AlignRight>false</AlignRight>
	</Label>

	<Label item ="IW_Level">
		<ScreenID>LevelLabel</ScreenID>
		<EQType>2</EQType>
		<Font>2</Font>
		<RelativePosition>true</RelativePosition>
		<Location>
			<X>260</X>
			<Y>18</Y>
		</Location>
		<Size>
			<CX>15</CX>
			<CY>14</CY>
		</Size>
		<Text>Level</Text>
		<TextColor>
				<R>255</R>
				<G>255</G>
				<B>255</B>
		</TextColor>
		<NoWrap>true</NoWrap>
		<AlignCenter>false</AlignCenter>
		<AlignRight>false</AlignRight>
	</Label>

	<Label item ="IW_Class">
		<ScreenID>ClassLabel</ScreenID>
		<EQType>3</EQType>
		<Font>2</Font>
		<RelativePosition>true</RelativePosition>
		<Location>
			<X>280</X>
			<Y>18</Y>
		</Location>
		<Size>
			<CX>100</CX>
			<CY>14</CY>
		</Size>
		<Text>Class</Text>
		<TextColor>
				<R>255</R>
				<G>255</G>
				<B>255</B>
		</TextColor>
		<NoWrap>true</NoWrap>
		<AlignCenter>false</AlignCenter>
		<AlignRight>false</AlignRight>
	</Label>

	<Label item ="IW_Deity">
		<ScreenID>DeityLabel</ScreenID>
		<EQType>4</EQType>
		<Font>2</Font>
		<RelativePosition>true</RelativePosition>
		<Location>
			<X>260</X>
			<Y>32</Y>
		</Location>
		<Size>
			<CX>112</CX>
			<CY>14</CY>
		</Size>
		<Text>Deity</Text>
		<TextColor>
				<R>255</R>
				<G>255</G>
				<B>255</B>
		</TextColor>
		<NoWrap>true</NoWrap>
		<AlignCenter>false</AlignCenter>
		<AlignRight>false</AlignRight>
	</Label>
	
	<Label item ="IW_HP">
		<ScreenID>HPLabel</ScreenID>
		<Font>2</Font>
		<RelativePosition>true</RelativePosition>
		<Location>
			<X>265</X>
			<Y>50</Y>
		</Location>
		<Size>
			<CX>35</CX>
			<CY>14</CY>
		</Size>
		<Text>HP</Text>
		<TextColor>
				<R>255</R>
				<G>255</G>
				<B>255</B>
		</TextColor>
		<NoWrap>true</NoWrap>
		<AlignCenter>false</AlignCenter>
		<AlignRight>false</AlignRight>
	</Label>
	<Label item ="IW_CurrentHP">
		<ScreenID>HPNumberLabel</ScreenID>
		<EQType>70</EQType>
		<Font>2</Font>
		<RelativePosition>true</RelativePosition>
		<Location>
			<X>287</X>
			<Y>50</Y>
		</Location>
		<Size>
			<CX>70</CX>
			<CY>14</CY>
		</Size>
		<Text>0</Text>
		<TextColor>
				<R>255</R>
				<G>255</G>
				<B>255</B>
		</TextColor>
		<NoWrap>true</NoWrap>
		<AlignCenter>false</AlignCenter>
		<AlignRight>true</AlignRight>
		<AlignLeft>false</AlignLeft>
	</Label>

	<Label item ="IW_Mana">
		<ScreenID>ManaLabel</ScreenID>
		<Font>2</Font>
		<RelativePosition>true</RelativePosition>
		<Location>
			<X>265</X>
			<Y>64</Y>
		</Location>
		<Size>
			<CX>35</CX>
			<CY>14</CY>
		</Size>
		<Text>MANA</Text>
		<TextColor>
				<R>255</R>
				<G>255</G>
				<B>255</B>
		</TextColor>
		<NoWrap>true</NoWrap>
		<AlignCenter>false</AlignCenter>
		<AlignRight>false</AlignRight>
	</Label>
	<Label item ="IW_ManaNumber">
		<ScreenID>ManaNumberLabel</ScreenID>
		<EQType>128</EQType>
		<Font>2</Font>
		<RelativePosition>true</RelativePosition>
		<Location>
			<X>287</X>
			<Y>64</Y>
		</Location>
		<Size>
			<CX>70</CX>
			<CY>14</CY>
		</Size>
		<TextColor>
				<R>255</R>
				<G>255</G>
				<B>255</B>
		</TextColor>
		<NoWrap>true</NoWrap>
		<AlignCenter>false</AlignCenter>
		<AlignRight>true</AlignRight>
		<AlignLeft>false</AlignLeft>
	</Label>

	<Label item ="IW_End">
		<ScreenID>EndLabel</ScreenID>
		<Font>2</Font>
		<RelativePosition>true</RelativePosition>
		<Location>
			<X>265</X>
			<Y>78</Y>
		</Location>
		<Size>
			<CX>35</CX>
			<CY>14</CY>
		</Size>
		<Text>END</Text>
		<TextColor>
				<R>255</R>
				<G>255</G>
				<B>255</B>
		</TextColor>
		<NoWrap>true</NoWrap>
		<AlignCenter>false</AlignCenter>
		<AlignRight>false</AlignRight>
	</Label>

	<Label item ="IW_EndNumber">
		<ScreenID>EndNumberLabel</ScreenID>
		<EQType>129</EQType>
		<Font>2</Font>
		<RelativePosition>true</RelativePosition>
		<Location>
			<X>287</X>
			<Y>78</Y>
		</Location>
		<Size>
			<CX>70</CX>
			<CY>14</CY>
		</Size>
		<Text>0</Text>
		<TextColor>
				<R>255</R>
				<G>255</G>
				<B>255</B>
		</TextColor>
		<NoWrap>true</NoWrap>
		<AlignCenter>false</AlignCenter>
		<AlignRight>true</AlignRight>
		<AlignLeft>false</AlignLeft>
	</Label>

	<Label item ="IW_AC">
		<ScreenID>ACLabel</ScreenID>
		<Font>2</Font>
		<RelativePosition>true</RelativePosition>
		<Location>
			<X>265</X>
			<Y>92</Y>
		</Location>
		<Size>
			<CX>35</CX>
			<CY>14</CY>
		</Size>
		<Text>AC</Text>
		<TextColor>
				<R>255</R>
				<G>255</G>
				<B>255</B>
		</TextColor>
		<NoWrap>true</NoWrap>
		<AlignCenter>false</AlignCenter>
		<AlignRight>false</AlignRight>
	</Label>
	<Label item ="IW_ACNumber">
		<ScreenID>ACNumberLabel</ScreenID>
		<EQType>22</EQType>
		<Font>2</Font>
		<RelativePosition>true</RelativePosition>
		<Location>
			<X>293</X>
			<Y>92</Y>
		</Location>
		<Size>
			<CX>64</CX>
			<CY>14</CY>
		</Size>
		<Text>0</Text>
		<TextColor>
				<R>255</R>
				<G>255</G>
				<B>255</B>
		</TextColor>
		<NoWrap>true</NoWrap>
		<AlignCenter>false</AlignCenter>
		<AlignRight>true</AlignRight>
		<AlignLeft>false</AlignLeft>
	</Label>

	<Label item ="IW_ATK">
		<ScreenID>ATKLabel</ScreenID>
		<Font>2</Font>
		<RelativePosition>true</RelativePosition>
		<Location>
			<X>265</X>
			<Y>106</Y>
		</Location>
		<Size>
			<CX>35</CX>
			<CY>14</CY>
		</Size>
		<Text>ATK</Text>
		<TextColor>
				<R>255</R>
				<G>255</G>
				<B>255</B>
		</TextColor>
		<NoWrap>true</NoWrap>
		<AlignCenter>false</AlignCenter>
		<AlignRight>false</AlignRight>
	</Label>

	<Label item ="IW_ATKNumber">
		<ScreenID>ATKNumberLabel</ScreenID>
		<EQType>23</EQType>
		<Font>2</Font>
		<RelativePosition>true</RelativePosition>
		<Location>
			<X>293</X>
			<Y>106</Y>
		</Location>
		<Size>
			<CX>64</CX>
			<CY>14</CY>
		</Size>
		<Text>0</Text>
		<TextColor>
				<R>255</R>
				<G>255</G>
				<B>255</B>
		</TextColor>
		<NoWrap>true</NoWrap>
		<AlignCenter>false</AlignCenter>
		<AlignRight>true</AlignRight>
		<AlignLeft>false</AlignLeft>
	</Label>

	<Label item ="IW_NextLevel">
		<ScreenID>NextLevelLabel</ScreenID>
		<Font>2</Font>
		<RelativePosition>true</RelativePosition>
		<Location>
			<X>260</X>
			<Y>121</Y>
		</Location>
		<Size>
			<CX>90</CX>
			<CY>14</CY>
		</Size>
		<Text>NEXT LEVEL</Text>
		<TextColor>
				<R>255</R>
				<G>255</G>
				<B>255</B>
		</TextColor>
		<NoWrap>true</NoWrap>
		<AlignCenter>false</AlignCenter>
		<AlignRight>false</AlignRight>
	</Label>
	
	<Gauge item = "IW_ExpGauge">
		<ScreenID>ExpGauge</ScreenID>
		<!--<Font>3</Font>-->
		<RelativePosition>true</RelativePosition>
		<Location>
			<X>260</X>
			<Y>135</Y>
		</Location>
		<Size>
			<CX>100</CX>
			<CY>8</CY>
		</Size>
		<GaugeOffsetY>0</GaugeOffsetY>
		<Style_VScroll>false</Style_VScroll>
		<Style_HScroll>false</Style_HScroll>
		<Style_Transparent>false</Style_Transparent>
		<!--<TooltipReference/>-->
		<FillTint>
				<R>220</R>
				<G>150</G>
				<B>0</B>
		</FillTint>
		<LinesFillTint>
				<R>0</R>
				<G>80</G>
				<B>220</B>
		</LinesFillTint>
		<DrawLinesFill>false</DrawLinesFill>
		<EQType>4</EQType>
		<GaugeDrawTemplate>
			<Background>A_GaugeBackground</Background>
			<Fill>A_GaugeFill</Fill>
			<Lines>A_GaugeLines</Lines>
			<LinesFill>A_GaugeLinesFill</LinesFill>
		</GaugeDrawTemplate>
	</Gauge>

	<Label item ="IW_EXP_Percentage">
		<EQType>26</EQType>
		<RelativePosition>true</RelativePosition>
		<Font>2</Font>
		<Location>
			<X>328</X>
			<Y>121</Y>
		</Location>
		<Size>
			<CX>20</CX>
			<CY>14</CY>
		</Size>
		<TextColor>
				<R>255</R>
				<G>255</G>
				<B>0</B>
		</TextColor>
		<NoWrap>true</NoWrap>
		<AlignLeft>false</AlignLeft>
		<AlignCenter>false</AlignCenter>
		<AlignRight>true</AlignRight>
	</Label>

	<Label item ="IW_EXP_PercLabel">
		<RelativePosition>true</RelativePosition>
		<Font>2</Font>
		<Location>
			<X>348</X>
			<Y>121</Y>
		</Location>
		<Size>
			<CX>10</CX>
			<CY>14</CY>
		</Size>
		<Text>%</Text>
		<TextColor>
				<R>255</R>
				<G>255</G>
				<B>0</B>
		</TextColor>
		<NoWrap>true</NoWrap>
		<AlignCenter>false</AlignCenter>
		<AlignRight>false</AlignRight>
	</Label>

	<Label item ="IW_AltAdv">
		<ScreenID>AltAdvLabel</ScreenID>
	</Label>
	<Gauge item = "IW_AltAdvGauge">
		<ScreenID>AltAdvGauge</ScreenID>
	</Gauge>	

	<Label item ="IW_STR">
		<ScreenID>STRLabel</ScreenID>
		<Font>2</Font>
		<RelativePosition>true</RelativePosition>
		<Location>
			<X>260</X>
			<Y>148</Y>
		</Location>
		<Size>
			<CX>60</CX>
			<CY>14</CY>
		</Size>
		<Text>Strength</Text>
		<TextColor>
				<R>255</R>
				<G>255</G>
				<B>255</B>
		</TextColor>
		<NoWrap>true</NoWrap>
		<AlignCenter>false</AlignCenter>
		<AlignRight>false</AlignRight>
	</Label>

	<Label item ="IW_STRNumber">
		<ScreenID>STRNumberLabel</ScreenID>
		<EQType>5</EQType>
		<Font>2</Font>
		<RelativePosition>true</RelativePosition>
		<Location>
			<X>287</X>
			<Y>148</Y>
		</Location>
		<Size>
			<CX>70</CX>
			<CY>14</CY>
		</Size>
		<Text>255</Text>
		<TextColor>
				<R>255</R>
				<G>255</G>
				<B>255</B>
		</TextColor>
		<NoWrap>true</NoWrap>
		<AlignCenter>false</AlignCenter>
		<AlignRight>true</AlignRight>
		<AlignLeft>false</AlignLeft>
	</Label>

	<Label item ="IW_STA">
		<ScreenID>STALabel</ScreenID>
		<Font>2</Font>
		<RelativePosition>true</RelativePosition>
		<Location>
			<X>260</X>
			<Y>162</Y>
		</Location>
		<Size>
			<CX>60</CX>
			<CY>14</CY>
		</Size>
		<Text>Stamina</Text>
		<TextColor>
				<R>255</R>
				<G>255</G>
				<B>255</B>
		</TextColor>
		<NoWrap>true</NoWrap>
		<AlignCenter>false</AlignCenter>
		<AlignRight>false</AlignRight>
	</Label>
	<Label item ="IW_STANumber">
		<ScreenID>STANumberLabel</ScreenID>
		<EQType>6</EQType>
		<Font>2</Font>
		<RelativePosition>true</RelativePosition>
		<Location>
			<X>287</X>
			<Y>162</Y>
		</Location>
		<Size>
			<CX>70</CX>
			<CY>14</CY>
		</Size>
		<Text>255</Text>
		<TextColor>
				<R>255</R>
				<G>255</G>
				<B>255</B>
		</TextColor>
		<NoWrap>true</NoWrap>
		<AlignCenter>false</AlignCenter>
		<AlignRight>true</AlignRight>
		<AlignLeft>false</AlignLeft>
	</Label>

	<Label item ="IW_DEX">
		<ScreenID>DEXLabel</ScreenID>
		<Font>2</Font>
		<RelativePosition>true</RelativePosition>
		<Location>
			<X>260</X>
			<Y>176</Y>
		</Location>
		<Size>
			<CX>60</CX>
			<CY>14</CY>
		</Size>
		<Text>Dexterity</Text>
		<TextColor>
				<R>255</R>
				<G>255</G>
				<B>255</B>
		</TextColor>
		<NoWrap>true</NoWrap>
		<AlignCenter>false</AlignCenter>
		<AlignRight>false</AlignRight>
	</Label>

	<Label item ="IW_DEXNumber">
		<ScreenID>DEXNumberLabel</ScreenID>
		<EQType>7</EQType>
		<Font>2</Font>
		<RelativePosition>true</RelativePosition>
		<Location>
			<X>287</X>
			<Y>176</Y>
		</Location>
		<Size>
			<CX>70</CX>
			<CY>14</CY>
		</Size>
		<Text>255</Text>
		<TextColor>
				<R>255</R>
				<G>255</G>
				<B>255</B>
		</TextColor>
		<NoWrap>true</NoWrap>
		<AlignCenter>false</AlignCenter>
		<AlignRight>true</AlignRight>
		<AlignLeft>false</AlignLeft>
	</Label>

	<Label item ="IW_AGI">
		<ScreenID>AGILabel</ScreenID>
		<Font>2</Font>
		<RelativePosition>true</RelativePosition>
		<Location>
			<X>260</X>
			<Y>190</Y>
		</Location>
		<Size>
			<CX>60</CX>
			<CY>14</CY>
		</Size>
		<Text>Agility</Text>
		<TextColor>
				<R>255</R>
				<G>255</G>
				<B>255</B>
		</TextColor>
		<NoWrap>true</NoWrap>
		<AlignCenter>false</AlignCenter>
		<AlignRight>false</AlignRight>
	</Label>

	<Label item ="IW_AGINumber">
		<ScreenID>AGINumberLabel</ScreenID>
		<EQType>8</EQType>
		<Font>2</Font>
		<RelativePosition>true</RelativePosition>
		<Location>
			<X>287</X>
			<Y>190</Y>
		</Location>
		<Size>
			<CX>70</CX>
			<CY>14</CY>
		</Size>
		<Text>255</Text>
		<TextColor>
				<R>255</R>
				<G>255</G>
				<B>255</B>
		</TextColor>
		<NoWrap>true</NoWrap>
		<AlignCenter>false</AlignCenter>
		<AlignRight>true</AlignRight>
		<AlignLeft>false</AlignLeft>
	</Label>

	<Label item ="IW_WIS">
		<ScreenID>WISLabel</ScreenID>
		<Font>2</Font>
		<RelativePosition>true</RelativePosition>
		<Location>
			<X>260</X>
			<Y>204</Y>
		</Location>
		<Size>
			<CX>60</CX>
			<CY>14</CY>
		</Size>
		<Text>Wisdom</Text>
		<TextColor>
				<R>255</R>
				<G>255</G>
				<B>255</B>
		</TextColor>
		<NoWrap>true</NoWrap>
		<AlignCenter>false</AlignCenter>
		<AlignRight>false</AlignRight>
	</Label>

	<Label item ="IW_WISNumber">
		<ScreenID>WISNumberLabel</ScreenID>
		<EQType>9</EQType>
		<Font>2</Font>
		<RelativePosition>true</RelativePosition>
		<Location>
			<X>287</X>
			<Y>204</Y>
		</Location>
		<Size>
			<CX>70</CX>
			<CY>14</CY>
		</Size>
		<Text>255</Text>
		<TextColor>
				<R>255</R>
				<G>255</G>
				<B>255</B>
		</TextColor>
		<NoWrap>true</NoWrap>
		<AlignCenter>false</AlignCenter>
		<AlignRight>true</AlignRight>
		<AlignLeft>false</AlignLeft>
	</Label>

	<Label item ="IW_INT">
		<ScreenID>INTLabel</ScreenID>
		<Font>2</Font>
		<RelativePosition>true</RelativePosition>
		<Location>
			<X>260</X>
			<Y>218</Y>
		</Location>
		<Size>
			<CX>60</CX>
			<CY>14</CY>
		</Size>
		<Text>Intelligence</Text>
		<TextColor>
				<R>255</R>
				<G>255</G>
				<B>255</B>
		</TextColor>
		<NoWrap>true</NoWrap>
		<AlignCenter>false</AlignCenter>
		<AlignRight>false</AlignRight>
	</Label>

	<Label item ="IW_INTNumber">
		<ScreenID>INTNumberLabel</ScreenID>
		<EQType>10</EQType>
		<Font>2</Font>
		<RelativePosition>true</RelativePosition>
		<Location>
			<X>287</X>
			<Y>218</Y>
		</Location>
		<Size>
			<CX>70</CX>
			<CY>14</CY>
		</Size>
		<Text>255</Text>
		<TextColor>
				<R>255</R>
				<G>255</G>
				<B>255</B>
		</TextColor>
		<NoWrap>true</NoWrap>
		<AlignCenter>false</AlignCenter>
		<AlignRight>true</AlignRight>
		<AlignLeft>false</AlignLeft>
	</Label>

	<Label item ="IW_CHA">
		<ScreenID>CHALabel</ScreenID>
		<Font>2</Font>
		<RelativePosition>true</RelativePosition>
		<Location>
			<X>260</X>
			<Y>232</Y>
		</Location>
		<Size>
			<CX>60</CX>
			<CY>14</CY>
		</Size>
		<Text>Charisma</Text>
		<TextColor>
				<R>255</R>
				<G>255</G>
				<B>255</B>
		</TextColor>
		<NoWrap>true</NoWrap>
		<AlignCenter>false</AlignCenter>
		<AlignRight>false</AlignRight>
	</Label>

	<Label item ="IW_CHANumber">
		<ScreenID>CHANumberLabel</ScreenID>
		<EQType>11</EQType>
		<Font>2</Font>
		<RelativePosition>true</RelativePosition>
		<Location>
			<X>287</X>
			<Y>232</Y>
		</Location>
		<Size>
			<CX>70</CX>
			<CY>14</CY>
		</Size>
		<Text>255</Text>
		<TextColor>
				<R>255</R>
				<G>255</G>
				<B>255</B>
		</TextColor>
		<NoWrap>true</NoWrap>
		<AlignCenter>false</AlignCenter>
		<AlignRight>true</AlignRight>
		<AlignLeft>false</AlignLeft>
	</Label>

	<Label item ="IW_Poison">
		<ScreenID>PoisonLabel</ScreenID>
		<Font>2</Font>
		<RelativePosition>true</RelativePosition>
		<Location>
			<X>265</X>
			<Y>250</Y>
		</Location>
		<Size>
			<CX>50</CX>
			<CY>14</CY>
		</Size>
		<Text>Poison</Text>
		<TextColor>
				<R>10</R>
				<G>255</G>
				<B>10</B>
		</TextColor>
		<NoWrap>true</NoWrap>
		<AlignCenter>false</AlignCenter>
		<AlignRight>false</AlignRight>
	</Label>

	<Label item ="IW_PoisonNumber">
		<ScreenID>PoisonNumberLabel</ScreenID>
		<EQType>12</EQType>
		<Font>2</Font>
		<RelativePosition>true</RelativePosition>
		<Location>
			<X>287</X>
			<Y>250</Y>
		</Location>
		<Size>
			<CX>70</CX>
			<CY>14</CY>
		</Size>
		<Text>255</Text>
		<TextColor>
				<R>255</R>
				<G>255</G>
				<B>255</B>
		</TextColor>
		<NoWrap>true</NoWrap>
		<AlignCenter>false</AlignCenter>
		<AlignRight>true</AlignRight>
		<AlignLeft>false</AlignLeft>
	</Label>

	<Label item ="IW_Magic">
		<ScreenID>MagicLabel</ScreenID>
		<Font>2</Font>
		<RelativePosition>true</RelativePosition>
		<Location>
			<X>265</X>
			<Y>264</Y>
		</Location>
		<Size>
			<CX>50</CX>
			<CY>14</CY>
		</Size>
		<Text>Magic</Text>
		<TextColor>
				<R>153</R>
				<G>51</G>
				<B>204</B>
		</TextColor>
		<NoWrap>true</NoWrap>
		<AlignCenter>false</AlignCenter>
		<AlignRight>false</AlignRight>
	</Label>

	<Label item ="IW_MagicNumber">
		<ScreenID>MagicNumberLabel</ScreenID>
		<EQType>16</EQType>
		<Font>2</Font>
		<RelativePosition>true</RelativePosition>
		<Location>
			<X>287</X>
			<Y>264</Y>
		</Location>
		<Size>
			<CX>70</CX>
			<CY>14</CY>
		</Size>
		<Text>255</Text>
		<TextColor>
				<R>255</R>
				<G>255</G>
				<B>255</B>
		</TextColor>
		<NoWrap>true</NoWrap>
		<AlignCenter>false</AlignCenter>
		<AlignRight>true</AlignRight>
		<AlignLeft>false</AlignLeft>
	</Label>

	<Label item ="IW_Disease">
		<ScreenID>DiseaseLabel</ScreenID>
		<Font>2</Font>
		<RelativePosition>true</RelativePosition>
		<Location>
			<X>265</X>
			<Y>278</Y>
		</Location>
		<Size>
			<CX>50</CX>
			<CY>14</CY>
		</Size>
		<Text>Disease</Text>
		<TextColor>
				<R>153</R>
				<G>204</G>
				<B>51</B>
		</TextColor>
		<NoWrap>true</NoWrap>
		<AlignCenter>false</AlignCenter>
		<AlignRight>false</AlignRight>
	</Label>

	<Label item ="IW_DiseaseNumber">
		<ScreenID>DiseaseNumberLabel</ScreenID>
		<EQType>13</EQType>
		<Font>2</Font>
		<RelativePosition>true</RelativePosition>
		<Location>
			<X>287</X>
			<Y>278</Y>
		</Location>
		<Size>
			<CX>70</CX>
			<CY>14</CY>
		</Size>
		<Text>255</Text>
		<TextColor>
				<R>255</R>
				<G>255</G>
				<B>255</B>
		</TextColor>
		<NoWrap>true</NoWrap>
		<AlignCenter>false</AlignCenter>
		<AlignRight>true</AlignRight>
		<AlignLeft>false</AlignLeft>
	</Label>

	<Label item ="IW_Fire">
		<ScreenID>FireLabel</ScreenID>
		<Font>2</Font>
		<RelativePosition>true</RelativePosition>
		<Location>
			<X>265</X>
			<Y>292</Y>
		</Location>
		<Size>
			<CX>50</CX>
			<CY>14</CY>
		</Size>
		<Text>Fire</Text>
		<TextColor>
				<R>255</R>
				<G>0</G>
				<B>0</B>
		</TextColor>
		<NoWrap>true</NoWrap>
		<AlignCenter>false</AlignCenter>
		<AlignRight>false</AlignRight>
	</Label>

	<Label item ="IW_FireNumber">
		<ScreenID>FireNumberLabel</ScreenID>
		<EQType>14</EQType>
		<Font>2</Font>
		<RelativePosition>true</RelativePosition>
		<Location>
			<X>287</X>
			<Y>292</Y>
		</Location>
		<Size>
			<CX>70</CX>
			<CY>14</CY>
		</Size>
		<Text>255</Text>
		<TextColor>
				<R>255</R>
				<G>255</G>
				<B>255</B>
		</TextColor>
		<NoWrap>true</NoWrap>
		<AlignCenter>false</AlignCenter>
		<AlignRight>true</AlignRight>
		<AlignLeft>false</AlignLeft>
	</Label>

	<Label item ="IW_Cold">
		<ScreenID>ColdLabel</ScreenID>
		<Font>2</Font>
		<RelativePosition>true</RelativePosition>
		<Location>
			<X>265</X>
			<Y>306</Y>
		</Location>
		<Size>
			<CX>50</CX>
			<CY>14</CY>
		</Size>
		<Text>Cold</Text>
		<TextColor>
				<R>50</R>
				<G>50</G>
				<B>255</B>
		</TextColor>
		<NoWrap>true</NoWrap>
		<AlignCenter>false</AlignCenter>
		<AlignRight>false</AlignRight>
	</Label>

	<Label item ="IW_ColdNumber">
		<ScreenID>ColdNumberLabel</ScreenID>
		<EQType>15</EQType>
		<Font>2</Font>
		<RelativePosition>true</RelativePosition>
		<Location>
			<X>287</X>
			<Y>306</Y>
		</Location>
		<Size>
			<CX>70</CX>
			<CY>14</CY>
		</Size>
		<Text>255</Text>
		<TextColor>
				<R>255</R>
				<G>255</G>
				<B>255</B>
		</TextColor>
		<NoWrap>true</NoWrap>
		<AlignCenter>false</AlignCenter>
		<AlignRight>true</AlignRight>
		<AlignLeft>false</AlignLeft>
	</Label>
<Label item="IW_CurWeightLabel">
		<ScreenID>WeightLabel2</ScreenID>
		<RelativePosition>true</RelativePosition>
		<Font>2</Font>
		<Location>
			<X>260</X>
			<Y>319</Y>
		</Location>
		<Size>
			<CX>50</CX>
			<CY>14</CY>
		</Size>
		<Text>Curr WT</Text>
		<TextColor>
			<R>100</R>
			<G>255</G>
			<B>100</B>
		</TextColor>
		<NoWrap>true</NoWrap>
		<AlignCenter>false</AlignCenter>
		<AlignRight>false</AlignRight>
	</Label>

<Label item="IW_CurWeight">
		<EQType>24</EQType>
		<RelativePosition>true</RelativePosition>
		<Font>2</Font>
		<Location>
			<X>287</X>
			<Y>319</Y>
		</Location>
		<Size>
			<CX>70</CX>
			<CY>14</CY>
		</Size>
		<Text>0</Text>
		<TextColor>
			<R>255</R>
			<G>255</G>
			<B>255</B>
		</TextColor>
		<NoWrap>true</NoWrap>
		<AlignCenter>false</AlignCenter>
		<AlignRight>true</AlignRight>
		<AlignLeft>false</AlignLeft>
	</Label>

	
	
	<Label item="IW_Weight">
		<ScreenID>WeightLabel</ScreenID>
		<RelativePosition>true</RelativePosition>
		<Font>2</Font>
		<Location>
			<X>260</X>
			<Y>330</Y>
		</Location>
		<Size>
			<CX>50</CX>
			<CY>14</CY>
		</Size>
		<Text>Max WT</Text>
		<TextColor>
			<R>255</R>
			<G>100</G>
			<B>100</B>
		</TextColor>
		<NoWrap>true</NoWrap>
		<AlignCenter>false</AlignCenter>
		<AlignRight>false</AlignRight>
	</Label>
	<Label item="IW_MaxWT">
		<ScreenID>WeightNumberLabel</ScreenID>
		<EQType>25</EQType>
		<RelativePosition>true</RelativePosition>
		<Font>2</Font>
		<Location>
			<X>287</X>
			<Y>330</Y>
		</Location>
		<Size>
			<CX>70</CX>
			<CY>14</CY>
		</Size>
		<Text>0</Text>
		<TextColor>
			<R>255</R>
			<G>255</G>
			<B>255</B>
		</TextColor>
		<NoWrap>true</NoWrap>
		<AlignCenter>false</AlignCenter>
		<AlignRight>true</AlignRight>
		<AlignLeft>false</AlignLeft>
	</Label>	

  	<Page item ="IW_InvPage">
		<ScreenID>InvPage</ScreenID>
	</Page>

	<Page item="IW_StatPage">
		<ScreenID>StatPage</ScreenID>
		<RelativePosition>true</RelativePosition>
		<Style_VScroll>false</Style_VScroll>
		<Style_HScroll>false</Style_HScroll>
		<Style_Transparent>false</Style_Transparent>
		<DrawTemplate>WDT_Def</DrawTemplate>
		<TabText>Stats</TabText>
		<TabTextColor>
			<R>255</R>
			<G>255</G>
			<B>255</B>
		</TabTextColor>
		<TabTextActiveColor>
			<R>255</R>
			<G>255</G>
			<B>0</B>
		</TabTextActiveColor>
		<Style_Sizable>true</Style_Sizable>
		<Location>
			<X>0</X>
			<Y>22</Y>
		</Location>
		<Size>
			<CX>378</CX>
			<CY>412</CY>
		</Size>
		<Pieces>TileLayoutBox:IW_Stats</Pieces>
	</Page>	

	<Listbox item = "IWEI_ItemList">
		<ScreenID>EI_ItemList</ScreenID>
		<DrawTemplate>WDT_Inner</DrawTemplate>
		<AutoStretch>true</AutoStretch>
		<TopAnchorToTop>true</TopAnchorToTop>
		<BottomAnchorToTop>false</BottomAnchorToTop>
		<LeftAnchorToLeft>true</LeftAnchorToLeft>
		<RightAnchorToLeft>false</RightAnchorToLeft>
		<LeftAnchorOffset>4</LeftAnchorOffset>
		<TopAnchorOffset>4</TopAnchorOffset>
		<RightAnchorOffset>4</RightAnchorOffset>
		<BottomAnchorOffset>30</BottomAnchorOffset>
		<TextColor>
				<R>255</R>
				<G>255</G>
				<B>255</B>
		</TextColor>
		<Style_Border>true</Style_Border>
		<Style_VScroll>true</Style_VScroll>
		<Columns>
			<Width>24</Width>
			<Heading></Heading>
		</Columns>
		<Columns>
			<Width>150</Width>
			<Heading>Item Name</Heading>
		</Columns>
		<Columns>
			<Width>50</Width>
			<Heading>Level</Heading>
		</Columns>
		<Columns>
			<Width>60</Width>
			<Heading>Progress</Heading>
		</Columns>
		<Columns>
			<Width>60</Width>
			<Heading>Active</Heading>
		</Columns>
	</Listbox>

	<Button item = "IWEI_ToggleButton">
		<ScreenID>EI_ToggleButton</ScreenID>
		<!--<Font>3</Font>-->
		<RelativePosition>true</RelativePosition>
		<AutoStretch>true</AutoStretch>
		<TopAnchorToTop>false</TopAnchorToTop>
		<BottomAnchorToTop>false</BottomAnchorToTop>
		<LeftAnchorToLeft>true</LeftAnchorToLeft>
		<RightAnchorToLeft>true</RightAnchorToLeft>
		<LeftAnchorOffset>4</LeftAnchorOffset>
		<TopAnchorOffset>26</TopAnchorOffset>
		<RightAnchorOffset>124</RightAnchorOffset>
		<BottomAnchorOffset>4</BottomAnchorOffset>
		<Style_Transparent>false</Style_Transparent>
		<TooltipReference>Click here to toggle whether the current item will gain experience.</TooltipReference>
		<Style_Checkbox>false</Style_Checkbox>
		<Text>Toggle Selected</Text>
		<TextColor>
				<R>255</R>
				<G>255</G>
				<B>255</B>
		</TextColor>
		<ButtonDrawTemplate>
			<Normal>A_BtnNormal</Normal>
			<Pressed>A_BtnPressed</Pressed>
			<Flyby>A_BtnFlyby</Flyby>
			<Disabled>A_BtnDisabled</Disabled>
			<PressedFlyby>A_BtnPressedFlyby</PressedFlyby>
		</ButtonDrawTemplate>
	</Button>
	
	<Button item = "IWEI_AllOnButton">
		<ScreenID>EI_AllOnButton</ScreenID>
		<!--<Font>3</Font>-->
		<RelativePosition>true</RelativePosition>
		<AutoStretch>true</AutoStretch>
		<TopAnchorToTop>false</TopAnchorToTop>
		<BottomAnchorToTop>false</BottomAnchorToTop>
		<LeftAnchorToLeft>false</LeftAnchorToLeft>
		<RightAnchorToLeft>false</RightAnchorToLeft>
		<LeftAnchorOffset>228</LeftAnchorOffset>
		<TopAnchorOffset>26</TopAnchorOffset>
		<RightAnchorOffset>116</RightAnchorOffset>
		<BottomAnchorOffset>4</BottomAnchorOffset>
		<Style_Transparent>false</Style_Transparent>
		<TooltipReference>Click here to set all items listed to collect experience.</TooltipReference>
		<Style_Checkbox>false</Style_Checkbox>
		<Text>Activate All</Text>
		<TextColor>
				<R>255</R>
				<G>255</G>
				<B>255</B>
		</TextColor>
		<ButtonDrawTemplate>
			<Normal>A_BtnNormal</Normal>
			<Pressed>A_BtnPressed</Pressed>
			<Flyby>A_BtnFlyby</Flyby>
			<Disabled>A_BtnDisabled</Disabled>
			<PressedFlyby>A_BtnPressedFlyby</PressedFlyby>
		</ButtonDrawTemplate>
	</Button>
	
	<Button item = "IWEI_AllOffButton">
		<ScreenID>EI_AllOffButton</ScreenID>
		<!--<Font>3</Font>-->
		<RelativePosition>true</RelativePosition>
		<AutoStretch>true</AutoStretch>
		<TopAnchorToTop>false</TopAnchorToTop>
		<BottomAnchorToTop>false</BottomAnchorToTop>
		<LeftAnchorToLeft>false</LeftAnchorToLeft>
		<RightAnchorToLeft>false</RightAnchorToLeft>
		<LeftAnchorOffset>112</LeftAnchorOffset>
		<TopAnchorOffset>26</TopAnchorOffset>
		<RightAnchorOffset>4</RightAnchorOffset>
		<BottomAnchorOffset>4</BottomAnchorOffset>
		<Style_Transparent>false</Style_Transparent>
		<TooltipReference>Click here to set all items listed to NOT collect experience.</TooltipReference>
		<Style_Checkbox>false</Style_Checkbox>
		<Text>Deactivate All</Text>
		<TextColor>
				<R>255</R>
				<G>255</G>
				<B>255</B>
		</TextColor>
		<ButtonDrawTemplate>
			<Normal>A_BtnNormal</Normal>
			<Pressed>A_BtnPressed</Pressed>
			<Flyby>A_BtnFlyby</Flyby>
			<Disabled>A_BtnDisabled</Disabled>
			<PressedFlyby>A_BtnPressedFlyby</PressedFlyby>
		</ButtonDrawTemplate>
	</Button>
	
  	<Page item ="IW_EIPage">
		<ScreenID>EIPage</ScreenID>
		<RelativePosition>true</RelativePosition>
		<Style_VScroll>false</Style_VScroll>
		<Style_HScroll>false</Style_HScroll>
		<Style_Transparent>false</Style_Transparent>
		<DrawTemplate>WDT_Def</DrawTemplate>
		<TabText>Evolution</TabText>
		<TabTextColor>
				<R>255</R>
				<G>255</G>
				<B>255</B>
		</TabTextColor>
		<TabTextActiveColor>
				<R>255</R>
				<G>255</G>
				<B>0</B>
		</TabTextActiveColor>
		<Style_Sizable>true</Style_Sizable>
		<Pieces>IWEI_ItemList</Pieces>
		<Pieces>IWEI_ToggleButton</Pieces>
		<Pieces>IWEI_AllOnButton</Pieces>
		<Pieces>IWEI_AllOffButton</Pieces>
		<Location>
			<X>0</X>
			<Y>22</Y>
		</Location>
		<Size>
			<CX>378</CX>
			<CY>412</CY>
		</Size>
	</Page>
	
	<Listbox item = "ACP_ProgressionList">
		<ScreenID>ProgressionList</ScreenID>
		<DrawTemplate>WDT_Inner</DrawTemplate>
		<RelativePosition>true</RelativePosition>
		<Location>
			<X>0</X>
			<Y>0</Y>
		</Location>
		<Size>
			<CX>0</CX>
			<CY>300</CY>
		</Size>
		<TextColor>
			<R>255</R>
			<G>255</G>
			<B>255</B>
		</TextColor>
		<Style_Border>true</Style_Border>
		<Style_VScroll>true</Style_VScroll>
		<Columns>
			<Width>105</Width>
			<Heading>Progression</Heading>
		</Columns>
		<Columns>
			<Width>60</Width>
			<Heading>Unlocked</Heading>
		</Columns>
		<Columns>
			<Width>105</Width>
			<Heading>Next Class</Heading>
		</Columns>
		<Columns>
			<Width>60</Width>
			<Heading>Progress</Heading>
		</Columns>
	</Listbox>

	<STMLbox item = "ACP_ProgressionInfo">
		<ScreenID>ProgressionInfo</ScreenID>
		<DrawTemplate>WDT_Inner</DrawTemplate>
		<RelativePosition>true</RelativePosition>
		<Location>
			<X>0</X>
			<Y>0</Y>
		</Location>
		<Size>
			<CX>1</CX>
			<CY>100</CY>
		</Size>
		<TextColor>
			<R>255</R>
			<G>255</G>
			<B>255</B>
		</TextColor>
		<Style_Border>true</Style_Border>
		<Style_VScroll>true</Style_VScroll>
	</STMLbox>

	<VerticalLayoutBox item = "ACP_ProgressionLayout">
		<ScreenID>ProgressionTemplateDataListLayout</ScreenID>
		<DrawTemplate>WDT_Inner</DrawTemplate>
		<AutoStretch>true</AutoStretch>
		<LeftAnchorOffset>4</LeftAnchorOffset>
		<TopAnchorOffset>4</TopAnchorOffset>
		<RightAnchorOffset>4</RightAnchorOffset>
		<BottomAnchorOffset>4</BottomAnchorOffset>
		<TopAnchorToTop>true</TopAnchorToTop>
		<BottomAnchorToTop>false</BottomAnchorToTop>
		<LeftAnchorToLeft>true</LeftAnchorToLeft>
		<RightAnchorToLeft>false</RightAnchorToLeft>
		<Spacing>2</Spacing>
		<Style_Border>false</Style_Border>
		<Style_VScroll>false</Style_VScroll>
		<Style_Transparent>true</Style_Transparent>
		<Pieces>ACP_ProgressionList</Pieces>
		<Pieces>ACP_ProgressionInfo</Pieces>
	</VerticalLayoutBox>	
	
  	<Page item ="IW_AltCharProgPage">
		<ScreenID>AltCharProgPage</ScreenID>
		<RelativePosition>true</RelativePosition>
		<Style_VScroll>false</Style_VScroll>
		<Style_HScroll>false</Style_HScroll>
		<Style_Transparent>false</Style_Transparent>
		<DrawTemplate>WDT_Def</DrawTemplate>
		<TabText>Shrouds</TabText>
		<TabTextColor>
				<R>255</R>
				<G>255</G>
				<B>255</B>
		</TabTextColor>
		<TabTextActiveColor>
				<R>255</R>
				<G>255</G>
				<B>0</B>
		</TabTextActiveColor>
		<Style_Sizable>true</Style_Sizable>
		<Pieces>VerticalLayoutBox:ACP_ProgressionLayout</Pieces>
		<Location>
			<X>0</X>
			<Y>22</Y>
		</Location>
		<Size>
			<CX>378</CX>
			<CY>412</CY>
		</Size>
	</Page>

	<TabBox item ="IW_Subwindows">
		<ScreenID>IW_Subwindows</ScreenID>
		<RelativePosition>true</RelativePosition>
		<Location>
			<X>-5000</X>
			<Y>0</Y>
		</Location>
		<Size>
			<CX>0</CX>
			<CY>0</CY>
		</Size>
		<TabBorderTemplate>FT_DefTabBorder</TabBorderTemplate>
		<PageBorderTemplate>FT_DefPageBorder</PageBorderTemplate>
		<Pages>Page:IW_InvPage</Pages>	
		<Pages>Page:IW_EIPage</Pages>
		<Pages>Page:IW_AltCharProgPage</Pages>
	</TabBox>

  <Screen item="InventoryWindow">
    <!--<ScreenID/>-->
    <RelativePosition>false</RelativePosition>
    <Location>
      <X>100</X>
      <Y>50</Y>
    </Location>
	<Size>
		<CX>375</CX>
		<CY>368</CY>
	</Size>
    <Text>Inventory</Text>
    <Style_VScroll>false</Style_VScroll>
    <Style_HScroll>false</Style_HScroll>
    <Style_Transparent>false</Style_Transparent>
    <TooltipReference>Inventory</TooltipReference>
    <DrawTemplate>WDT_Rounded</DrawTemplate>
    <Style_Titlebar>true</Style_Titlebar>
    <Style_Closebox>true</Style_Closebox>
    <Style_Minimizebox>true</Style_Minimizebox>
    <Style_Border>true</Style_Border>
    <Style_Sizable>false</Style_Sizable>
		<Pieces>IW_Subwindows</Pieces>
		<Pieces>InvSlot0</Pieces>
		<Pieces>InvSlot1</Pieces>
		<Pieces>InvSlot2</Pieces>
		<Pieces>InvSlot3</Pieces>
		<Pieces>InvSlot4</Pieces>
		<Pieces>InvSlot5</Pieces>
		<Pieces>InvSlot6</Pieces>
		<Pieces>InvSlot7</Pieces>
		<Pieces>InvSlot8</Pieces>
		<Pieces>InvSlot9</Pieces>
		<Pieces>InvSlot10</Pieces>
		<Pieces>InvSlot11</Pieces>
		<Pieces>InvSlot12</Pieces>
		<Pieces>InvSlot13</Pieces>
		<Pieces>InvSlot14</Pieces>
		<Pieces>InvSlot15</Pieces>
		<Pieces>InvSlot16</Pieces>
		<Pieces>InvSlot17</Pieces>
		<Pieces>InvSlot18</Pieces>
		<Pieces>InvSlot19</Pieces>
		<Pieces>InvSlot20</Pieces>
		<Pieces>InvSlot21</Pieces>
		<Pieces>Screen:IW_CharacterView</Pieces>
		<Pieces>IW_DoneButton</Pieces>	
		<Pieces>IW_Money0</Pieces>
		<Pieces>IW_Money1</Pieces>
		<Pieces>IW_Money2</Pieces>
		<Pieces>IW_Money3</Pieces>
		<Pieces>IW_FacePick</Pieces>
		<Pieces>IW_Skills</Pieces>
		<Pieces>IW_Destroy</Pieces>		
		<Pieces>InvSlot22</Pieces>
		<Pieces>InvSlot23</Pieces>
		<Pieces>InvSlot24</Pieces>
		<Pieces>InvSlot25</Pieces>
		<Pieces>InvSlot26</Pieces>
		<Pieces>InvSlot27</Pieces>
		<Pieces>InvSlot28</Pieces>
		<Pieces>InvSlot29</Pieces>
		<Pieces>IW_Name</Pieces>
		<Pieces>IW_Level</Pieces>
		<Pieces>IW_Class</Pieces>
		<Pieces>IW_Deity</Pieces>
		<Pieces>IW_HP</Pieces>
		<Pieces>IW_CurrentHP</Pieces>
		<Pieces>IW_Mana</Pieces>
		<Pieces>IW_ManaNumber</Pieces>
		<Pieces>IW_End</Pieces>
		<Pieces>IW_EndNumber</Pieces>
		<Pieces>IW_AC</Pieces>
		<Pieces>IW_ACNumber</Pieces>
		<Pieces>IW_ATK</Pieces>
		<Pieces>IW_ATKNumber</Pieces>
		<Pieces>IW_NextLevel</Pieces>
		<Pieces>IW_ExpGauge</Pieces>
		<Pieces>IW_EXP_Percentage</Pieces>
		<Pieces>IW_EXP_PercLabel</Pieces>
		<Pieces>IW_AltAdv</Pieces>
		<Pieces>IW_AltAdvGauge</Pieces>
		<Pieces>IW_STR</Pieces>
		<Pieces>IW_STRNumber</Pieces>
		<Pieces>IW_STA</Pieces>
		<Pieces>IW_STANumber</Pieces>
		<Pieces>IW_AGI</Pieces>
		<Pieces>IW_AGINumber</Pieces>
		<Pieces>IW_DEX</Pieces>
		<Pieces>IW_DEXNumber</Pieces>
		<Pieces>IW_WIS</Pieces>
		<Pieces>IW_WISNumber</Pieces>
		<Pieces>IW_INT</Pieces>
		<Pieces>IW_INTNumber</Pieces>
		<Pieces>IW_CHA</Pieces>
		<Pieces>IW_CHANumber</Pieces>
		<Pieces>IW_Poison</Pieces>
		<Pieces>IW_PoisonNumber</Pieces>
		<Pieces>IW_Magic</Pieces>
		<Pieces>IW_MagicNumber</Pieces>
		<Pieces>IW_Disease</Pieces>
		<Pieces>IW_DiseaseNumber</Pieces>
		<Pieces>IW_Fire</Pieces>
		<Pieces>IW_FireNumber</Pieces>
		<Pieces>IW_Cold</Pieces>
		<Pieces>IW_ColdNumber</Pieces>
		<Pieces>IW_CurWeight</Pieces>
		<Pieces>IW_Weight</Pieces>
		<Pieces>IW_CurWeightLabel</Pieces>
		<Pieces>IW_MaxWT</Pieces>		
		<Pieces>IW_Tinting</Pieces>
		<Pieces>IW_AltAdvBtn</Pieces>
		<Pieces>IW_ReclaimButton</Pieces>
		<Pieces>IW_GoodPoints</Pieces>
		<Pieces>IW_EvilPoints</Pieces>
  </Screen>	
</XML>