<?xml version="1.0" encoding="us-ascii"?>
<XML ID="EQInterfaceDefinitionLanguage">
	<Schema xmlns="EverQuestData" xmlns:dt="EverQuestDataTypes" />

	<Ui2DAnimation item="CSW_SpellGemHolder">
		<Frames>
			<Texture>window_pieces02.tga</Texture>
			<Location>
				<X>1</X>
				<Y>227</Y>
			</Location>
			<Size>
				<CX>28</CX>
				<CY>28</CY>
			</Size>
		</Frames>
	</Ui2DAnimation>

    <Ui2DAnimation item="CSW_SpellGemBackground">
		<Frames>
			<Texture>window_pieces02.tga</Texture>
			<Location>
				<X>61</X>
				<Y>227</Y>
			</Location>
			<Size>
				<CX>28</CX>
				<CY>28</CY>
			</Size>
		</Frames>
	</Ui2DAnimation>
	
		<Ui2DAnimation item="CSW_BookBtnNormal">
				<Cycle>true</Cycle>
				<Frames>
						<Texture>window_pieces21.tga</Texture>
						<Location>
								<X>123</X>
								<Y>166</Y>
						</Location>
						<Size>
								<CX>28</CX>
								<CY>16</CY>
						</Size>
						<Hotspot>
								<X>0</X>
								<Y>0</Y>
						</Hotspot>
						<Duration>1000</Duration>
				</Frames>
		</Ui2DAnimation>
		<Ui2DAnimation item="CSW_BookBtnPressed">
				<Cycle>true</Cycle>
				<Frames>
						<Texture>window_pieces21.tga</Texture>
						<Location>
								<X>123</X>
								<Y>166</Y>
						</Location>
						<Size>
								<CX>28</CX>
								<CY>16</CY>
						</Size>
						<Hotspot>
								<X>0</X>
								<Y>0</Y>
						</Hotspot>
						<Duration>1000</Duration>
				</Frames>
		</Ui2DAnimation>
		<Ui2DAnimation item="CSW_BookBtnFlyby">
				<Cycle>true</Cycle>
				<Frames>
						<Texture>window_pieces21.tga</Texture>
						<Location>
								<X>123</X>
								<Y>183</Y>
						</Location>
						<Size>
								<CX>28</CX>
								<CY>16</CY>
						</Size>
						<Hotspot>
								<X>0</X>
								<Y>0</Y>
						</Hotspot>
						<Duration>1000</Duration>
				</Frames>
		</Ui2DAnimation>
		<Ui2DAnimation item="CSW_BookBtnPressedFlyby">
				<Cycle>true</Cycle>
				<Frames>
						<Texture>window_pieces21.tga</Texture>
						<Location>
								<X>123</X>
								<Y>183</Y>
						</Location>
						<Size>
								<CX>28</CX>
								<CY>16</CY>
						</Size>
						<Hotspot>
								<X>0</X>
								<Y>0</Y>
						</Hotspot>
						<Duration>1000</Duration>
				</Frames>
		</Ui2DAnimation>
		<Ui2DAnimation item="CSW_BookBtnDisabled">
				<Cycle>true</Cycle>
				<Frames>
						<Texture>window_pieces21.tga</Texture>
						<Location>
								<X>123</X>
								<Y>166</Y>
						</Location>
						<Size>
								<CX>28</CX>
								<CY>16</CY>
						</Size>
						<Hotspot>
								<X>0</X>
								<Y>0</Y>
						</Hotspot>
						<Duration>1000</Duration>
				</Frames>
		</Ui2DAnimation>

	<Button item="CSPW_SpellBook">
		<ScreenID>CSPW_SpellBook</ScreenID>
		<Font>0</Font>
		<RelativePosition>true</RelativePosition>
		<Style_Transparent>false</Style_Transparent>
		<TooltipReference>Opens and closes Your Spellbook</TooltipReference>
		<Style_Checkbox>true</Style_Checkbox>
		<!--<RadioGroup/>-->
		<Text>Book</Text>
		<TextColor>
				<R>255</R>
				<G>255</G>
				<B>255</B>
		</TextColor>
		<ButtonDrawTemplate>
			<Normal>CSW_BookBtnNormal</Normal>
			<Pressed>CSW_BookBtnPressed</Pressed>
			<Flyby>CSW_BookBtnFlyby</Flyby>
			<Disabled>CSW_BookBtnDisabled</Disabled>
			<PressedFlyby>CSW_BookBtnPressedFlyby</PressedFlyby>
		</ButtonDrawTemplate>
		<Size>
			<CX>28</CX>
			<CY>16</CY>
		</Size>
		<Location>
			<X>2</X>
			<Y>2</Y>
		</Location>
	</Button>	

	<SpellGem item="CSPW_Spell0">
		<ScreenID>CSPW_Spell0</ScreenID>
		<RelativePosition>true</RelativePosition>
		<Size>
			<CX>28</CX>
			<CY>28</CY>
		</Size>
		<Location>
			<X>2</X>
			<Y>19</Y>
		</Location>
		<SpellGemDrawTemplate>
			<Holder>CSW_SpellGemHolder</Holder>
			<Background>CSW_SpellGemBackground</Background>
		</SpellGemDrawTemplate>
		<SpellIconOffsetX>2</SpellIconOffsetX>
		<SpellIconOffsetY>2</SpellIconOffsetY>
	</SpellGem>
	<SpellGem item="CSPW_Spell1">
		<ScreenID>CSPW_Spell1</ScreenID>
		<RelativePosition>true</RelativePosition>
		<Size>
			<CX>28</CX>
			<CY>28</CY>
		</Size>
		<Location>
			<X>2</X>
			<Y>49</Y>
		</Location>
		<SpellGemDrawTemplate>
			<Holder>CSW_SpellGemHolder</Holder>
			<Background>CSW_SpellGemBackground</Background>
		</SpellGemDrawTemplate>
		<SpellIconOffsetX>2</SpellIconOffsetX>
		<SpellIconOffsetY>2</SpellIconOffsetY>
	</SpellGem>
	<SpellGem item="CSPW_Spell2">
		<ScreenID>CSPW_Spell2</ScreenID>
		<RelativePosition>true</RelativePosition>
		<Size>
			<CX>28</CX>
			<CY>28</CY>
		</Size>
		<Location>
			<X>2</X>
			<Y>79</Y>
		</Location>
		<SpellGemDrawTemplate>
			<Holder>CSW_SpellGemHolder</Holder>
			<Background>CSW_SpellGemBackground</Background>
		</SpellGemDrawTemplate>
		<SpellIconOffsetX>2</SpellIconOffsetX>
		<SpellIconOffsetY>2</SpellIconOffsetY>
	</SpellGem>
	<SpellGem item="CSPW_Spell3">
		<ScreenID>CSPW_Spell3</ScreenID>
		<RelativePosition>true</RelativePosition>
		<Size>
			<CX>28</CX>
			<CY>28</CY>
		</Size>
		<Location>
			<X>2</X>
			<Y>109</Y>
		</Location>
		<SpellGemDrawTemplate>
			<Holder>CSW_SpellGemHolder</Holder>
			<Background>CSW_SpellGemBackground</Background>
		</SpellGemDrawTemplate>
		<SpellIconOffsetX>2</SpellIconOffsetX>
		<SpellIconOffsetY>2</SpellIconOffsetY>
	</SpellGem>
	<SpellGem item="CSPW_Spell4">
		<ScreenID>CSPW_Spell4</ScreenID>
		<RelativePosition>true</RelativePosition>
		<Size>
			<CX>28</CX>
			<CY>28</CY>
		</Size>
		<Location>
			<X>2</X>
			<Y>139</Y>
		</Location>
		<SpellGemDrawTemplate>
			<Holder>CSW_SpellGemHolder</Holder>
			<Background>CSW_SpellGemBackground</Background>
		</SpellGemDrawTemplate>
		<SpellIconOffsetX>2</SpellIconOffsetX>
		<SpellIconOffsetY>2</SpellIconOffsetY>
	</SpellGem>
	<SpellGem item="CSPW_Spell5">
		<ScreenID>CSPW_Spell5</ScreenID>
		<RelativePosition>true</RelativePosition>
		<Size>
			<CX>28</CX>
			<CY>28</CY>
		</Size>
		<Location>
			<X>2</X>
			<Y>169</Y>
		</Location>
		<SpellGemDrawTemplate>
			<Holder>CSW_SpellGemHolder</Holder>
			<Background>CSW_SpellGemBackground</Background>
		</SpellGemDrawTemplate>
		<SpellIconOffsetX>2</SpellIconOffsetX>
		<SpellIconOffsetY>2</SpellIconOffsetY>
	</SpellGem>
	<SpellGem item="CSPW_Spell6">
		<ScreenID>CSPW_Spell6</ScreenID>
		<RelativePosition>true</RelativePosition>
		<Size>
			<CX>28</CX>
			<CY>28</CY>
		</Size>
		<Location>
			<X>2</X>
			<Y>199</Y>
		</Location>
		<SpellGemDrawTemplate>
			<Holder>CSW_SpellGemHolder</Holder>
			<Background>CSW_SpellGemBackground</Background>
		</SpellGemDrawTemplate>
		<SpellIconOffsetX>2</SpellIconOffsetX>
		<SpellIconOffsetY>2</SpellIconOffsetY>
	</SpellGem>
	<SpellGem item="CSPW_Spell7">
		<ScreenID>CSPW_Spell7</ScreenID>
		<RelativePosition>true</RelativePosition>
		<Size>
			<CX>28</CX>
			<CY>28</CY>
		</Size>
		<Location>
			<X>2</X>
			<Y>229</Y>
		</Location>
		<SpellGemDrawTemplate>
			<Holder>CSW_SpellGemHolder</Holder>
			<Background>CSW_SpellGemBackground</Background>
		</SpellGemDrawTemplate>
		<SpellIconOffsetX>2</SpellIconOffsetX>
		<SpellIconOffsetY>2</SpellIconOffsetY>
	</SpellGem>
	<SpellGem item="CSPW_Spell8">
		<ScreenID>CSPW_Spell8</ScreenID>
		<RelativePosition>true</RelativePosition>
		<Location>
			<X>-5000</X>
			<Y>-5000</Y>
		</Location>
	</SpellGem>

	<Screen item="CastSpellWnd">
		<RelativePosition>false</RelativePosition>
		<Location>
			<X>0</X>
			<Y>25</Y>
		</Location>
		<Size>
			<CX>32</CX>
			<CY>260</CY>
		</Size>
		<Text>Spells</Text>
		<Style_Transparent>true</Style_Transparent>
		<TooltipReference>Allows you to cast your memorized spells</TooltipReference>
		<DrawTemplate>WDT_RoundedNoTitle</DrawTemplate>
		<Style_Titlebar>false</Style_Titlebar>
		<Style_Closebox>true</Style_Closebox>
		<Style_Minimizebox>false</Style_Minimizebox>
		<Style_Border>false</Style_Border>
		<Style_Sizable>false</Style_Sizable>
		<Pieces>CSPW_SpellBook</Pieces>
		<Pieces>CSPW_Spell0</Pieces>
		<Pieces>CSPW_Spell1</Pieces>
		<Pieces>CSPW_Spell2</Pieces>
		<Pieces>CSPW_Spell3</Pieces>
		<Pieces>CSPW_Spell4</Pieces>
		<Pieces>CSPW_Spell5</Pieces>
		<Pieces>CSPW_Spell6</Pieces>
		<Pieces>CSPW_Spell7</Pieces>
		<Pieces>CSPW_Spell8</Pieces>
		</Screen>
</XML>
