<?xml version="1.0" encoding="us-ascii"?>
<XML ID="EQInterfaceDefinitionLanguage">
  <Schema xmlns="EverQuestData" xmlns:dt="EverQuestDataTypes" />
  <Label item="TRW_AutoUpateLabel">
    <ScreenID>TRW_AutoUpdateLabel</ScreenID>
    <Font>3</Font>
    <Text>Update automatically</Text>
    <TextColor>
      <R>255</R>
      <G>255</G>
      <B>255</B>
    </TextColor>
    <Size>
      <CX>100</CX>
      <CY>100</CY>
    </Size>
    <AlignCenter>false</AlignCenter>
    <Location>
      <X>62</X>
      <Y>315</Y>
    </Location>
    <AutoStretch>true</AutoStretch>
    <BottomAnchorToTop>false</BottomAnchorToTop>
    <RightAnchorToLeft>false</RightAnchorToLeft>
    <TopAnchorToTop>false</TopAnchorToTop>
    <BottomAnchorOffset>137</BottomAnchorOffset>
    <TopAnchorOffset>157</TopAnchorOffset>
    <LeftAnchorOffset>24</LeftAnchorOffset>
    <RightAnchorOffset>27</RightAnchorOffset>
  </Label>
  <Button item="TRW_AutoUpdateButton">
    <ScreenID>TRW_AutoUpdateButton</ScreenID>
    <RelativePosition>true</RelativePosition>
    <Location>
      <X>3</X>
      <Y>311</Y>
    </Location>
    <Size>
      <CX>100</CX>
      <CY>19</CY>
    </Size>
    <Style_VScroll>false</Style_VScroll>
    <Style_HScroll>false</Style_HScroll>
    <Style_Transparent>false</Style_Transparent>
    <Style_Checkbox>true</Style_Checkbox>
    <TextColor>
      <R>255</R>
      <G>255</G>
      <B>255</B>
    </TextColor>
    <ButtonDrawTemplate>
	  <Normal>A_CheckBoxNormal</Normal>
	  <Pressed>A_CheckBoxPressed</Pressed>
    </ButtonDrawTemplate>
    <AutoStretch>true</AutoStretch>
    <BottomAnchorToTop>false</BottomAnchorToTop>
    <BottomAnchorOffset>142</BottomAnchorOffset>
    <RightAnchorOffset>18</RightAnchorOffset>
    <LeftAnchorOffset>3</LeftAnchorOffset>
    <TopAnchorToTop>false</TopAnchorToTop>
    <TopAnchorOffset>157</TopAnchorOffset>
  </Button>
  <Label item="TRW_FiltersLabel">
    <ScreenID>TRW_FiltersLabel</ScreenID>
    <!--<Font>3</Font>-->
    <RelativePosition>true</RelativePosition>
    <AutoStretch>true</AutoStretch>
    <LeftAnchorOffset>3</LeftAnchorOffset>
    <TopAnchorOffset>0</TopAnchorOffset>
    <RightAnchorOffset>3</RightAnchorOffset>
    <BottomAnchorOffset>20</BottomAnchorOffset>
    <RightAnchorToLeft>false</RightAnchorToLeft>
    <Text>Filters</Text>
    <TextColor>
      <R>255</R>
      <G>255</G>
      <B>255</B>
    </TextColor>
    <NoWrap>false</NoWrap>
    <AlignCenter>true</AlignCenter>
    <AlignRight>false</AlignRight>
  </Label>
  <Button item="TRW_FilterRedButton">
    <ScreenID>TRW_FilterRedButton</ScreenID>
    <!--<Font>3</Font>-->
    <RelativePosition>true</RelativePosition>
    <Location>
      <X>3</X>
      <Y>15</Y>
    </Location>
    <Size>
      <CX>25</CX>
      <CY>20</CY>
    </Size>
    <!--<TooltipReference/>-->
    <Style_Checkbox>true</Style_Checkbox>
    <Text>RD</Text>
    <TextColor>
      <R>240</R>
      <G>0</G>
      <B>0</B>
    </TextColor>
    <ButtonDrawTemplate>
      <Normal>A_BtnNormal</Normal>
      <Pressed>A_BtnPressed</Pressed>
      <Flyby>A_BtnFlyby</Flyby>
      <Disabled>A_BtnDisabled</Disabled>
      <PressedFlyby>A_BtnPressedFlyby</PressedFlyby>
    </ButtonDrawTemplate>
    <!--<SoundPressed/>-->
    <!--<SoundUp/>-->
    <!--<SoundFlyby/>-->
  </Button>
  <Button item="TRW_FilterYellowButton">
    <ScreenID>TRW_FilterYellowButton</ScreenID>
    <!--<Font>3</Font>-->
    <RelativePosition>true</RelativePosition>
    <Location>
      <X>30</X>
      <Y>15</Y>
    </Location>
    <Size>
      <CX>25</CX>
      <CY>20</CY>
    </Size>
    <!--<TooltipReference/>-->
    <Style_Checkbox>true</Style_Checkbox>
    <Text>YL</Text>
    <TextColor>
      <R>240</R>
      <G>240</G>
      <B>0</B>
    </TextColor>
    <ButtonDrawTemplate>
      <Normal>A_BtnNormal</Normal>
      <Pressed>A_BtnPressed</Pressed>
      <Flyby>A_BtnFlyby</Flyby>
      <Disabled>A_BtnDisabled</Disabled>
      <PressedFlyby>A_BtnPressedFlyby</PressedFlyby>
    </ButtonDrawTemplate>
    <!--<SoundPressed/>-->
    <!--<SoundUp/>-->
    <!--<SoundFlyby/>-->
  </Button>
  <Button item="TRW_FilterWhiteButton">
    <ScreenID>TRW_FilterWhiteButton</ScreenID>
    <!--<Font>3</Font>-->
    <RelativePosition>true</RelativePosition>
    <Location>
      <X>57</X>
      <Y>15</Y>
    </Location>
    <Size>
      <CX>25</CX>
      <CY>20</CY>
    </Size>
    <!--<TooltipReference/>-->
    <Style_Checkbox>true</Style_Checkbox>
    <Text>WT</Text>
    <TextColor>
      <R>240</R>
      <G>240</G>
      <B>240</B>
    </TextColor>
    <ButtonDrawTemplate>
      <Normal>A_BtnNormal</Normal>
      <Pressed>A_BtnPressed</Pressed>
      <Flyby>A_BtnFlyby</Flyby>
      <Disabled>A_BtnDisabled</Disabled>
      <PressedFlyby>A_BtnPressedFlyby</PressedFlyby>
    </ButtonDrawTemplate>
    <!--<SoundPressed/>-->
    <!--<SoundUp/>-->
    <!--<SoundFlyby/>-->
  </Button>
  <Button item="TRW_FilterBlueButton">
    <ScreenID>TRW_FilterBlueButton</ScreenID>
    <!--<Font>3</Font>-->
    <RelativePosition>true</RelativePosition>
    <Location>
      <X>84</X>
      <Y>15</Y>
    </Location>
    <Size>
      <CX>25</CX>
      <CY>20</CY>
    </Size>
    <!--<TooltipReference/>-->
    <Style_Checkbox>true</Style_Checkbox>
    <Text>BL</Text>
    <TextColor>
      <R>0</R>
      <G>0</G>
      <B>240</B>
    </TextColor>
    <ButtonDrawTemplate>
      <Normal>A_BtnNormal</Normal>
      <Pressed>A_BtnPressed</Pressed>
      <Flyby>A_BtnFlyby</Flyby>
      <Disabled>A_BtnDisabled</Disabled>
      <PressedFlyby>A_BtnPressedFlyby</PressedFlyby>
    </ButtonDrawTemplate>
    <!--<SoundPressed/>-->
    <!--<SoundUp/>-->
    <!--<SoundFlyby/>-->
  </Button>
  <Button item="TRW_FilterLightBlueButton">
    <ScreenID>TRW_FilterLightBlueButton</ScreenID>
    <!--<Font>3</Font>-->
    <RelativePosition>true</RelativePosition>
    <Location>
      <X>111</X>
      <Y>15</Y>
    </Location>
    <Size>
      <CX>25</CX>
      <CY>20</CY>
    </Size>
    <!--<TooltipReference/>-->
    <Style_Checkbox>true</Style_Checkbox>
    <Text>LB</Text>
    <TextColor>
      <R>0</R>
      <G>240</G>
      <B>240</B>
    </TextColor>
    <ButtonDrawTemplate>
      <Normal>A_BtnNormal</Normal>
      <Pressed>A_BtnPressed</Pressed>
      <Flyby>A_BtnFlyby</Flyby>
      <Disabled>A_BtnDisabled</Disabled>
      <PressedFlyby>A_BtnPressedFlyby</PressedFlyby>
    </ButtonDrawTemplate>
    <!--<SoundPressed/>-->
    <!--<SoundUp/>-->
    <!--<SoundFlyby/>-->
  </Button>
  <Button item="TRW_FilterGreenButton">
    <ScreenID>TRW_FilterGreenButton</ScreenID>
    <!--<Font>3</Font>-->
    <RelativePosition>true</RelativePosition>
    <Location>
      <X>138</X>
      <Y>15</Y>
    </Location>
    <Size>
      <CX>25</CX>
      <CY>20</CY>
    </Size>
    <!--<TooltipReference/>-->
    <Style_Checkbox>true</Style_Checkbox>
    <Text>GN</Text>
    <TextColor>
      <R>0</R>
      <G>160</G>
      <B>60</B>
    </TextColor>
    <ButtonDrawTemplate>
      <Normal>A_BtnNormal</Normal>
      <Pressed>A_BtnPressed</Pressed>
      <Flyby>A_BtnFlyby</Flyby>
      <Disabled>A_BtnDisabled</Disabled>
      <PressedFlyby>A_BtnPressedFlyby</PressedFlyby>
    </ButtonDrawTemplate>
    <!--<SoundPressed/>-->
    <!--<SoundUp/>-->
    <!--<SoundFlyby/>-->
  </Button>
  <Button item="TRW_FilterGray">
    <ScreenID>TRW_FilterGray</ScreenID>
    <!--<Font>3</Font>-->
    <RelativePosition>true</RelativePosition>
    <Location>
      <X>165</X>
      <Y>15</Y>
    </Location>
    <Size>
      <CX>25</CX>
      <CY>20</CY>
    </Size>
    <!--<TooltipReference/>-->
    <Style_Checkbox>true</Style_Checkbox>
    <Text>GY</Text>
    <TextColor>
      <R>80</R>
      <G>80</G>
      <B>90</B>
    </TextColor>
    <ButtonDrawTemplate>
      <Normal>A_BtnNormal</Normal>
      <Pressed>A_BtnPressed</Pressed>
      <Flyby>A_BtnFlyby</Flyby>
      <Disabled>A_BtnDisabled</Disabled>
      <PressedFlyby>A_BtnPressedFlyby</PressedFlyby>
    </ButtonDrawTemplate>
    <!--<SoundPressed/>-->
    <!--<SoundUp/>-->
    <!--<SoundFlyby/>-->
  </Button>
  <Listbox item="TRW_TrackingList">
    <ScreenID>TRW_TrackingList</ScreenID>
    <DrawTemplate>WDT_Inner</DrawTemplate>
    <AutoStretch>true</AutoStretch>
    <LeftAnchorOffset>0</LeftAnchorOffset>
    <TopAnchorOffset>36</TopAnchorOffset>
    <RightAnchorOffset>0</RightAnchorOffset>
    <BottomAnchorOffset>168</BottomAnchorOffset>
    <RightAnchorToLeft>false</RightAnchorToLeft>
    <BottomAnchorToTop>false</BottomAnchorToTop>
    <Columns>
      <Width>150</Width>
    </Columns>
    <Style_Border>true</Style_Border>
    <Style_VScroll>true</Style_VScroll>
  </Listbox>
  <Label item="TRW_TrackSortLabel">
    <ScreenID>TRW_TrackSortLabel</ScreenID>
    <!--<Font>3</Font>-->
    <RelativePosition>true</RelativePosition>
    <AutoStretch>true</AutoStretch>
    <LeftAnchorOffset>3</LeftAnchorOffset>
    <TopAnchorOffset>136</TopAnchorOffset>
    <RightAnchorOffset>3</RightAnchorOffset>
    <BottomAnchorOffset>122</BottomAnchorOffset>
    <TopAnchorToTop>false</TopAnchorToTop>
    <BottomAnchorToTop>false</BottomAnchorToTop>
    <RightAnchorToLeft>false</RightAnchorToLeft>
    <Text>Track Sort:</Text>
    <TextColor>
      <R>255</R>
      <G>255</G>
      <B>255</B>
    </TextColor>
    <NoWrap>true</NoWrap>
    <AlignCenter>false</AlignCenter>
    <AlignRight>false</AlignRight>
  </Label>
  <Combobox item="TRW_TrackSortCombobox">
    <ScreenID>TRW_TrackSortCombobox</ScreenID>
    <DrawTemplate>WDT_Inner</DrawTemplate>
    <AutoStretch>true</AutoStretch>
    <LeftAnchorOffset>3</LeftAnchorOffset>
    <TopAnchorOffset>120</TopAnchorOffset>
    <RightAnchorOffset>3</RightAnchorOffset>
    <BottomAnchorOffset>96</BottomAnchorOffset>
    <TopAnchorToTop>false</TopAnchorToTop>
    <BottomAnchorToTop>false</BottomAnchorToTop>
    <RightAnchorToLeft>false</RightAnchorToLeft>
    <ListHeight>160</ListHeight>
    <Button>BDT_Combo</Button>
    <Style_Border>true</Style_Border>
  </Combobox>
  <Label item="TRW_TrackPlayersLabel">
    <ScreenID>TRW_TrackPlayersLabel</ScreenID>
    <!--<Font>3</Font>-->
    <RelativePosition>true</RelativePosition>
    <AutoStretch>true</AutoStretch>
    <LeftAnchorOffset>3</LeftAnchorOffset>
    <TopAnchorOffset>94</TopAnchorOffset>
    <RightAnchorOffset>3</RightAnchorOffset>
    <BottomAnchorOffset>80</BottomAnchorOffset>
    <TopAnchorToTop>false</TopAnchorToTop>
    <BottomAnchorToTop>false</BottomAnchorToTop>
    <RightAnchorToLeft>false</RightAnchorToLeft>
    <Text>Track Players:</Text>
    <TextColor>
      <R>255</R>
      <G>255</G>
      <B>255</B>
    </TextColor>
    <NoWrap>true</NoWrap>
    <AlignCenter>false</AlignCenter>
    <AlignRight>false</AlignRight>
  </Label>
  <Combobox item="TRW_TrackPlayersCombobox">
    <ScreenID>TRW_TrackPlayersCombobox</ScreenID>
    <DrawTemplate>WDT_Inner</DrawTemplate>
    <AutoStretch>true</AutoStretch>
    <LeftAnchorOffset>3</LeftAnchorOffset>
    <TopAnchorOffset>78</TopAnchorOffset>
    <RightAnchorOffset>3</RightAnchorOffset>
    <BottomAnchorOffset>54</BottomAnchorOffset>
    <TopAnchorToTop>false</TopAnchorToTop>
    <BottomAnchorToTop>false</BottomAnchorToTop>
    <RightAnchorToLeft>false</RightAnchorToLeft>
    <ListHeight>160</ListHeight>
    <Button>BDT_Combo</Button>
    <Style_Border>true</Style_Border>
  </Combobox>
  <Button item="TRW_TrackButton">
    <ScreenID>TRW_TrackButton</ScreenID>
    <!--<Font>3</Font>-->
    <RelativePosition>true</RelativePosition>
    <AutoStretch>true</AutoStretch>
    <LeftAnchorOffset>3</LeftAnchorOffset>
    <TopAnchorOffset>45</TopAnchorOffset>
    <RightAnchorOffset>3</RightAnchorOffset>
    <BottomAnchorOffset>25</BottomAnchorOffset>
    <TopAnchorToTop>false</TopAnchorToTop>
    <BottomAnchorToTop>false</BottomAnchorToTop>
    <RightAnchorToLeft>false</RightAnchorToLeft>
    <!--<TooltipReference/>-->
    <Style_Checkbox>false</Style_Checkbox>
    <Text>Track</Text>
    <TextColor>
      <R>255</R>
      <G>255</G>
      <B>255</B>
    </TextColor>
    <ButtonDrawTemplate>
      <Normal>A_BtnNormal</Normal>
      <Pressed>A_BtnPressed</Pressed>
      <Flyby>A_BtnFlyby</Flyby>
      <Disabled>A_BtnDisabled</Disabled>
      <PressedFlyby>A_BtnPressedFlyby</PressedFlyby>
    </ButtonDrawTemplate>
    <!--<SoundPressed/>-->
    <!--<SoundUp/>-->
    <!--<SoundFlyby/>-->
  </Button>
  <Button item="TRW_DoneButton">
    <ScreenID>DoneButton</ScreenID>
    <!--<Font>3</Font>-->
    <RelativePosition>true</RelativePosition>
    <AutoStretch>true</AutoStretch>
    <LeftAnchorOffset>3</LeftAnchorOffset>
    <TopAnchorOffset>22</TopAnchorOffset>
    <RightAnchorOffset>3</RightAnchorOffset>
    <BottomAnchorOffset>2</BottomAnchorOffset>
    <TopAnchorToTop>false</TopAnchorToTop>
    <BottomAnchorToTop>false</BottomAnchorToTop>
    <RightAnchorToLeft>false</RightAnchorToLeft>
    <LeftAnchorToLeft>true</LeftAnchorToLeft>
    <Style_Transparent>false</Style_Transparent>
    <!--<TooltipReference/>-->
    <Style_Checkbox>false</Style_Checkbox>
    <!--<RadioGroup/>-->
    <Text>Cancel</Text>
    <TextColor>
      <R>255</R>
      <G>255</G>
      <B>255</B>
    </TextColor>
    <ButtonDrawTemplate>
      <Normal>A_BtnNormal</Normal>
      <Pressed>A_BtnPressed</Pressed>
      <Flyby>A_BtnFlyby</Flyby>
      <Disabled>A_BtnDisabled</Disabled>
      <PressedFlyby>A_BtnPressedFlyby</PressedFlyby>
    </ButtonDrawTemplate>
    <!--<SoundPressed/>-->
    <!--<<SoundUp/>-->
    <!--<SoundFlyby/>-->
  </Button>
  <Screen item="TrackingWnd">
    <!--<ScreenID/>-->
    <!--<Font/>-->
    <RelativePosition>false</RelativePosition>
    <Location>
      <X>0</X>
      <Y>20</Y>
    </Location>
    <Size>
      <CX>211</CX>
      <CY>500</CY>
    </Size>
    <Style_VScroll>false</Style_VScroll>
    <Style_HScroll>false</Style_HScroll>
    <Style_Transparent>false</Style_Transparent>
    <!--<TooltipReference/>-->
    <Text>Tracking Window</Text>
	<DrawTemplate>WDT_Def2</DrawTemplate>
    <Style_Titlebar>true</Style_Titlebar>
    <Style_Closebox>true</Style_Closebox>
    <Style_Minimizebox>true</Style_Minimizebox>
    <Style_Border>true</Style_Border>
    <Style_Sizable>true</Style_Sizable>
    <Pieces>TRW_FiltersLabel</Pieces>
    <Pieces>TRW_FilterRedButton</Pieces>
    <Pieces>TRW_FilterYellowButton</Pieces>
    <Pieces>TRW_FilterWhiteButton</Pieces>
    <Pieces>TRW_FilterBlueButton</Pieces>
    <Pieces>TRW_FilterLightBlueButton</Pieces>
    <Pieces>TRW_FilterGreenButton</Pieces>
    <Pieces>TRW_FilterGray</Pieces>
    <Pieces>TRW_TrackingList</Pieces>
    <Pieces>TRW_TrackButton</Pieces>
    <Pieces>TRW_TrackSortLabel</Pieces>
    <Pieces>TRW_TrackPlayersLabel</Pieces>
    <Pieces>TRW_DoneButton</Pieces>
    <Pieces>TRW_TrackPlayersCombobox</Pieces>
    <Pieces>TRW_TrackSortCombobox</Pieces>
    <Pieces>TRW_AutoUpdateButton</Pieces>
    <Pieces>TRW_AutoUpateLabel</Pieces>
  </Screen>
</XML>