<?xml version = "1.0"?>
<XML ID = "EQInterfaceDefinitionLanguage">
	<Schema xmlns = "EverQuestData" xmlns:dt = "EverQuestDataTypes"/>

	<Label item ="GVW_NPCName">
		<ScreenID>GVW_NPCName</ScreenID>
		<!--<Font>3</Font>-->
		<RelativePosition>true</RelativePosition>
		<Location>
			<X>0</X>
			<Y>1</Y>
		</Location>
		<Size>
			<CX>95</CX>
			<CY>40</CY>
		</Size>
		<Text>NPC Name</Text>
		<TextColor>
				<R>255</R>
				<G>255</G>
				<B>255</B>
		</TextColor>
		<NoWrap>false</NoWrap>
		<AlignCenter>true</AlignCenter>
		<AlignRight>false</AlignRight>
	</Label>

	<InvSlot item = "GVW_MyItemSlot0">
		<ScreenID>GVW_MyItemSlot0</ScreenID>
		<!--<Font>3</Font>-->
		<RelativePosition>true</RelativePosition>
		<Location>
			<X>10</X>
			<Y>32</Y>
		</Location>
		<Size>
			<CX>40</CX>
			<CY>40</CY>
		</Size>
		<Background>A_RecessedBox</Background>
		<EQType>3000</EQType>
		<ItemOffsetX>2</ItemOffsetX>
		<ItemOffsetY>2</ItemOffsetY>
	</InvSlot>
	<InvSlot item = "GVW_MyItemSlot1">
		<ScreenID>GVW_MyItemSlot1</ScreenID>
		<!--<Font>3</Font>-->
		<RelativePosition>true</RelativePosition>
		<Location>
			<X>50</X>
			<Y>32</Y>
		</Location>
		<Size>
			<CX>40</CX>
			<CY>40</CY>
		</Size>
		<Background>A_RecessedBox</Background>
		<EQType>3001</EQType>
		<ItemOffsetX>2</ItemOffsetX>
		<ItemOffsetY>2</ItemOffsetY>
	</InvSlot>
	<InvSlot item = "GVW_MyItemSlot2">
		<ScreenID>GVW_MyItemSlot2</ScreenID>
		<!--<Font>3</Font>-->
		<RelativePosition>true</RelativePosition>
		<Location>
			<X>10</X>
			<Y>72</Y>
		</Location>
		<Size>
			<CX>40</CX>
			<CY>40</CY>
		</Size>
		<Background>A_RecessedBox</Background>
		<EQType>3002</EQType>
		<ItemOffsetX>2</ItemOffsetX>
		<ItemOffsetY>2</ItemOffsetY>
	</InvSlot>
	<InvSlot item = "GVW_MyItemSlot3">
		<ScreenID>GVW_MyItemSlot3</ScreenID>
		<!--<Font>3</Font>-->
		<RelativePosition>true</RelativePosition>
		<Location>
			<X>50</X>
			<Y>72</Y>
		</Location>
		<Size>
			<CX>40</CX>
			<CY>40</CY>
		</Size>
		<Background>A_RecessedBox</Background>
		<EQType>3003</EQType>
		<ItemOffsetX>2</ItemOffsetX>
		<ItemOffsetY>2</ItemOffsetY>
	</InvSlot>

	<Button item = "GVW_Give_Button">
		<ScreenID>GVW_Give_Button</ScreenID>
		<!--<Font>3</Font>-->
		<RelativePosition>true</RelativePosition>
		<Location>
			<X>7</X>
			<Y>118</Y>
		</Location>
		<Size>
			<CX>85</CX>
			<CY>30</CY>
		</Size>
		<Style_Transparent>false</Style_Transparent>
		<!--<TooltipReference/>-->
		<Style_Checkbox>false</Style_Checkbox>
		<!--<RadioGroup/>-->
		<Text>Give</Text>
		<TextColor>
				<R>255</R>
				<G>255</G>
				<B>255</B>
		</TextColor>
		<ButtonDrawTemplate>
			<Normal>A_BtnNormal</Normal>
			<Pressed>A_BtnPressed</Pressed>
			<Flyby>A_BtnFlyby</Flyby>
			<Disabled>A_BtnDisabled</Disabled>
			<PressedFlyby>A_BtnPressedFlyby</PressedFlyby>
		</ButtonDrawTemplate>
	</Button>

	<Button item = "GVW_MyMoney0">
		<ScreenID>GVW_MyMoney0</ScreenID>
		<!--<Font>3</Font>-->
		<RelativePosition>true</RelativePosition>
		<Location>
			<X>7</X>
			<Y>155</Y>
		</Location>
		<Size>
			<CX>85</CX>
			<CY>24</CY>
		</Size>
		<Style_Transparent>false</Style_Transparent>
		<TooltipReference>Drop coins here</TooltipReference>
		<Style_Checkbox>false</Style_Checkbox>
		<RadioGroup/>
		<Text>60000</Text>
		<TextColor>
				<R>255</R>
				<G>255</G>
				<B>255</B>
		</TextColor>
		<ButtonDrawTemplate>
			<Normal>A_RecessedBox</Normal>
			<NormalDecal>A_PlatinumCoin</NormalDecal>
		</ButtonDrawTemplate>
		<DecalOffset>
			<X>2</X>
			<Y>2</Y>
		</DecalOffset>
		<DecalSize>
			<CX>18</CX>
			<CY>18</CY>
		</DecalSize>
	</Button>
	<Button item = "GVW_MyMoney1">
		<ScreenID>GVW_MyMoney1</ScreenID>
		<!--<Font>3</Font>-->
		<RelativePosition>true</RelativePosition>
		<Location>
			<X>7</X>
			<Y>179</Y>
		</Location>
		<Size>
			<CX>85</CX>
			<CY>24</CY>
		</Size>
		<Style_Transparent>false</Style_Transparent>
		<TooltipReference>Drop coins here</TooltipReference>
		<Style_Checkbox>false</Style_Checkbox>
		<!--<RadioGroup/>-->
		<Text>60000</Text>
		<TextColor>
				<R>255</R>
				<G>255</G>
				<B>255</B>
		</TextColor>
		<ButtonDrawTemplate>
			<Normal>A_RecessedBox</Normal>
			<NormalDecal>A_GoldCoin</NormalDecal>
		</ButtonDrawTemplate>
		<DecalOffset>
			<X>2</X>
			<Y>2</Y>
		</DecalOffset>
		<DecalSize>
			<CX>18</CX>
			<CY>18</CY>
		</DecalSize>
	</Button>
	<Button item = "GVW_MyMoney2">
		<ScreenID>GVW_MyMoney2</ScreenID>
		<!--<Font>3</Font>-->
		<RelativePosition>true</RelativePosition>
		<Location>
			<X>7</X>
			<Y>203</Y>
		</Location>
		<Size>
			<CX>85</CX>
			<CY>24</CY>
		</Size>
		<Style_Transparent>false</Style_Transparent>
		<TooltipReference>Drop coins here</TooltipReference>
		<Style_Checkbox>false</Style_Checkbox>
		<!--<RadioGroup/>-->
		<Text>60000</Text>
		<TextColor>
				<R>255</R>
				<G>255</G>
				<B>255</B>
		</TextColor>
		<ButtonDrawTemplate>
			<Normal>A_RecessedBox</Normal>
			<NormalDecal>A_SilverCoin</NormalDecal>
		</ButtonDrawTemplate>
		<DecalOffset>
			<X>2</X>
			<Y>2</Y>
		</DecalOffset>
		<DecalSize>
			<CX>18</CX>
			<CY>18</CY>
		</DecalSize>
	</Button>
	<Button item = "GVW_MyMoney3">
		<ScreenID>GVW_MyMoney3</ScreenID>
		<!--<Font>3</Font>-->
		<RelativePosition>true</RelativePosition>
		<Location>
			<X>7</X>
			<Y>227</Y>
		</Location>
		<Size>
			<CX>85</CX>
			<CY>24</CY>
		</Size>
		<Style_Transparent>false</Style_Transparent>
		<TooltipReference>Drop coins here</TooltipReference>
		<Style_Checkbox>false</Style_Checkbox>
		<!--<RadioGroup/>-->
		<Text>60000</Text>
		<TextColor>
				<R>255</R>
				<G>255</G>
				<B>255</B>
		</TextColor>
		<ButtonDrawTemplate>
			<Normal>A_RecessedBox</Normal>
			<NormalDecal>A_CopperCoin</NormalDecal>
		</ButtonDrawTemplate>
		<DecalOffset>
			<X>2</X>
			<Y>2</Y>
		</DecalOffset>
		<DecalSize>
			<CX>18</CX>
			<CY>18</CY>
		</DecalSize>
	</Button>

	<Button item = "GVW_Cancel_Button">
		<ScreenID>GVW_Cancel_Button</ScreenID>
		<!--<Font>3</Font>-->
		<RelativePosition>true</RelativePosition>
		<Location>
			<X>7</X>
			<Y>257</Y>
		</Location>
		<Size>
			<CX>85</CX>
			<CY>20</CY>
		</Size>
		<BottomAnchorToTop>false</BottomAnchorToTop>
		<Style_Transparent>false</Style_Transparent>
		<!--<TooltipReference/>-->
		<Style_Checkbox>false</Style_Checkbox>
		<!--<RadioGroup/>-->
		<Text>Cancel</Text>
		<TextColor>
				<R>255</R>
				<G>255</G>
				<B>255</B>
		</TextColor>
		<ButtonDrawTemplate>
			<Normal>A_BtnNormal</Normal>
			<Pressed>A_BtnPressed</Pressed>
			<Flyby>A_BtnFlyby</Flyby>
			<Disabled>A_BtnDisabled</Disabled>
			<PressedFlyby>A_BtnPressedFlyby</PressedFlyby>
		</ButtonDrawTemplate>
	</Button>

	<Screen item = "GiveWnd">
		<!--<ScreenID/>-->
		<RelativePosition>false</RelativePosition>
		<Location>
			<X>0</X>
			<Y>25</Y>
		</Location>
		<Size>
			<CX>108</CX>
			<CY>302</CY>
		</Size>
		<Text>Give</Text>
		<Style_Transparent>false</Style_Transparent>
		<!--<TooltipReference/>-->
		<DrawTemplate>WDT_Rounded</DrawTemplate>
		<Style_Titlebar>true</Style_Titlebar>
		<Style_Closebox>true</Style_Closebox>
		<Style_Minimizebox>false</Style_Minimizebox>
		<Style_Border>true</Style_Border>
		<Style_Sizable>false</Style_Sizable>
		<Pieces>GVW_NPCName</Pieces>
		<Pieces>GVW_MyItemSlot0</Pieces>
		<Pieces>GVW_MyItemSlot1</Pieces>
		<Pieces>GVW_MyItemSlot2</Pieces>
		<Pieces>GVW_MyItemSlot3</Pieces>
		<Pieces>GVW_MyMoney0</Pieces>
		<Pieces>GVW_MyMoney1</Pieces>
		<Pieces>GVW_MyMoney2</Pieces>
		<Pieces>GVW_MyMoney3</Pieces>
		<Pieces>GVW_Give_Button</Pieces>
		<Pieces>GVW_Cancel_Button</Pieces>
	</Screen>

</XML>