<?xml version="1.0" encoding="us-ascii"?>
<XML ID="EQInterfaceDefinitionLanguage">
	<Schema xmlns="EverQuestData" xmlns:dt="EverQuestDataTypes" />
	<TextureInfo item="default_spellbook01.tga">
		<Size>
			<CX>256</CX>
			<CY>256</CY>
		</Size>
	</TextureInfo>
	<TextureInfo item="default_spellbook02.tga">
		<Size>
			<CX>256</CX>
			<CY>256</CY>
		</Size>
	</TextureInfo>
	<TextureInfo item="default_spellbook03.tga">
		<Size>
			<CX>256</CX>
			<CY>128</CY>
		</Size>
	</TextureInfo>
	<TextureInfo item="default_spellbook04.tga">
		<Size>
			<CX>256</CX>
			<CY>128</CY>
		</Size>
	</TextureInfo>
	<TextureInfo item="default_spellbook05.tga">
		<Size>
			<CX>128</CX>
			<CY>64</CY>
		</Size>
	</TextureInfo>
	<Ui2DAnimation item="Default_SpellBook1">
		<Cycle>false</Cycle>
		<Frames>
			<Texture>default_spellbook01.tga</Texture>
			<Location>
				<X>0</X>
				<Y>0</Y>
			</Location>
			<Size>
				<CX>256</CX>
				<CY>256</CY>
			</Size>
		</Frames>
	</Ui2DAnimation>
	<Ui2DAnimation item="Default_SpellBook2">
		<Cycle>false</Cycle>
		<Frames>
			<Texture>default_spellbook02.tga</Texture>
			<Location>
				<X>0</X>
				<Y>0</Y>
			</Location>
			<Size>
				<CX>256</CX>
				<CY>256</CY>
			</Size>
		</Frames>
	</Ui2DAnimation>
	<Ui2DAnimation item="Default_SpellBook3">
		<Cycle>false</Cycle>
		<Frames>
			<Texture>default_spellbook03.tga</Texture>
			<Location>
				<X>0</X>
				<Y>1</Y>
			</Location>
			<Size>
				<CX>256</CX>
				<CY>107</CY>
			</Size>
		</Frames>
	</Ui2DAnimation>
	<Ui2DAnimation item="Default_SpellBook4">
		<Cycle>false</Cycle>
		<Frames>
			<Texture>default_spellbook04.tga</Texture>
			<Location>
				<X>1</X>
				<Y>1</Y>
			</Location>
			<Size>
				<CX>255</CX>
				<CY>107</CY>
			</Size>
		</Frames>
	</Ui2DAnimation>
	<!-- Buttons -->
	<Ui2DAnimation item="Default_SpellBookClose">
		<Cycle>false</Cycle>
		<Frames>
			<Texture>default_spellbook05.tga</Texture>
			<Location>
				<X>54</X>
				<Y>35</Y>
			</Location>
			<Size>
				<CX>13</CX>
				<CY>13</CY>
			</Size>
		</Frames>
	</Ui2DAnimation>
	<Ui2DAnimation item="SBW_LeftSplBkBtnNormal">
		<Cycle>true</Cycle>
		<Frames>
			<Texture>window_pieces05.tga</Texture>
			<Location>
				<X>75</X>
				<Y>128</Y>
			</Location>
			<Size>
				<CX>18</CX>
				<CY>32</CY>
			</Size>
			<Hotspot>
				<X>0</X>
				<Y>0</Y>
			</Hotspot>
			<Duration>1000</Duration>
		</Frames>
	</Ui2DAnimation>
	<Ui2DAnimation item="SBW_LeftSplBkBtnFlyby">
		<Cycle>true</Cycle>
		<Frames>
			<Texture>window_pieces05.tga</Texture>
			<Location>
				<X>93</X>
				<Y>128</Y>
			</Location>
			<Size>
				<CX>18</CX>
				<CY>32</CY>
			</Size>
			<Hotspot>
				<X>0</X>
				<Y>0</Y>
			</Hotspot>
			<Duration>1000</Duration>
		</Frames>
	</Ui2DAnimation>
	<Ui2DAnimation item="SBW_LeftSplBkBtnPressedFlyby">
		<Cycle>true</Cycle>
		<Frames>
			<Texture>window_pieces05.tga</Texture>
			<Location>
				<X>112</X>
				<Y>129</Y>
			</Location>
			<Size>
				<CX>18</CX>
				<CY>32</CY>
			</Size>
			<Hotspot>
				<X>0</X>
				<Y>0</Y>
			</Hotspot>
			<Duration>1000</Duration>
		</Frames>
	</Ui2DAnimation>
	<Ui2DAnimation item="SBW_LeftSplBkBtnPressed">
		<Cycle>true</Cycle>
		<Frames>
			<Texture>window_pieces05.tga</Texture>
			<Location>
				<X>131</X>
				<Y>129</Y>
			</Location>
			<Size>
				<CX>18</CX>
				<CY>32</CY>
			</Size>
			<Hotspot>
				<X>0</X>
				<Y>0</Y>
			</Hotspot>
			<Duration>1000</Duration>
		</Frames>
	</Ui2DAnimation>
	<Ui2DAnimation item="SBW_LeftSplBkBtnDisabled">
		<Cycle>true</Cycle>
		<Frames>
			<Texture>window_pieces05.tga</Texture>
			<Location>
				<X>149</X>
				<Y>129</Y>
			</Location>
			<Size>
				<CX>18</CX>
				<CY>32</CY>
			</Size>
			<Hotspot>
				<X>0</X>
				<Y>0</Y>
			</Hotspot>
			<Duration>1000</Duration>
		</Frames>
	</Ui2DAnimation>
	<Ui2DAnimation item="SBW_RightSplBkBtnNormal">
		<Cycle>true</Cycle>
		<Frames>
			<Texture>window_pieces05.tga</Texture>
			<Location>
				<X>77</X>
				<Y>167</Y>
			</Location>
			<Size>
				<CX>18</CX>
				<CY>32</CY>
			</Size>
			<Hotspot>
				<X>30</X>
				<Y>0</Y>
			</Hotspot>
			<Duration>1000</Duration>
		</Frames>
	</Ui2DAnimation>
	<Ui2DAnimation item="SBW_RightSplBkBtnFlyby">
		<Cycle>true</Cycle>
		<Frames>
			<Texture>window_pieces05.tga</Texture>
			<Location>
				<X>95</X>
				<Y>167</Y>
			</Location>
			<Size>
				<CX>18</CX>
				<CY>32</CY>
			</Size>
			<Hotspot>
				<X>30</X>
				<Y>0</Y>
			</Hotspot>
			<Duration>1000</Duration>
		</Frames>
	</Ui2DAnimation>
	<Ui2DAnimation item="SBW_RightSplBkBtnPressedFlyby">
		<Cycle>true</Cycle>
		<Frames>
			<Texture>window_pieces05.tga</Texture>
			<Location>
				<X>114</X>
				<Y>168</Y>
			</Location>
			<Size>
				<CX>18</CX>
				<CY>32</CY>
			</Size>
			<Hotspot>
				<X>30</X>
				<Y>0</Y>
			</Hotspot>
			<Duration>1000</Duration>
		</Frames>
	</Ui2DAnimation>
	<Ui2DAnimation item="SBW_RightSplBkBtnPressed">
		<Cycle>true</Cycle>
		<Frames>
			<Texture>window_pieces05.tga</Texture>
			<Location>
				<X>133</X>
				<Y>168</Y>
			</Location>
			<Size>
				<CX>18</CX>
				<CY>32</CY>
			</Size>
			<Hotspot>
				<X>30</X>
				<Y>0</Y>
			</Hotspot>
			<Duration>1000</Duration>
		</Frames>
	</Ui2DAnimation>
	<Ui2DAnimation item="SBW_RightSplBkBtnDisabled">
		<Cycle>true</Cycle>
		<Frames>
			<Texture>window_pieces05.tga</Texture>
			<Location>
				<X>151</X>
				<Y>167</Y>
			</Location>
			<Size>
				<CX>18</CX>
				<CY>32</CY>
			</Size>
			<Hotspot>
				<X>30</X>
				<Y>0</Y>
			</Hotspot>
			<Duration>1000</Duration>
		</Frames>
	</Ui2DAnimation>
	<!-- Spells -->
	<Button item="SBW_Spell0">
		<ScreenID>SBW_Spell0</ScreenID>
		<RelativePosition>true</RelativePosition>
		<Location>
			<X>80</X>
			<Y>24</Y>
		</Location>
		<Size>
			<CX>44</CX>
			<CY>44</CY>
		</Size>
		<Style_Transparent>false</Style_Transparent>
		<Style_Checkbox>false</Style_Checkbox>
		<ButtonDrawTemplate>
			<Normal>BlueIconBackground</Normal>
			<NormalDecal>BuffIcons</NormalDecal>
		</ButtonDrawTemplate>
		<DecalOffset>
			<X>2</X>
			<Y>2</Y>
		</DecalOffset>
		<DecalSize>
			<CX>40</CX>
			<CY>40</CY>
		</DecalSize>
	</Button>
	<StaticText item="SBW_SpellName0">
		<ScreenID>SBW_SpellName0</ScreenID>
		<Font>1</Font>
		<RelativePosition>true</RelativePosition>
		<Location>
			<X>60</X>
			<Y>68</Y>
		</Location>
		<Size>
			<CX>84</CX>
			<CY>16</CY>
		</Size>
		<Text>xx</Text>
		<TextColor>
			<R>255</R>
			<G>255</G>
			<B>255</B>
		</TextColor>
		<NoWrap>false</NoWrap>
		<AlignCenter>true</AlignCenter>
		<AlignRight>false</AlignRight>
	</StaticText>
	<Button item="SBW_Spell1">
		<ScreenID>SBW_Spell1</ScreenID>
		<RelativePosition>true</RelativePosition>
		<Location>
			<X>171</X>
			<Y>24</Y>
		</Location>
		<Size>
			<CX>44</CX>
			<CY>44</CY>
		</Size>
		<Style_Transparent>false</Style_Transparent>
		<Style_Checkbox>false</Style_Checkbox>
		<ButtonDrawTemplate>
			<Normal>BlueIconBackground</Normal>
			<NormalDecal>BuffIcons</NormalDecal>
		</ButtonDrawTemplate>
		<DecalOffset>
			<X>2</X>
			<Y>2</Y>
		</DecalOffset>
		<DecalSize>
			<CX>40</CX>
			<CY>40</CY>
		</DecalSize>
	</Button>
	<StaticText item="SBW_SpellName1">
		<ScreenID>SBW_SpellName1</ScreenID>
		<Font>1</Font>
		<RelativePosition>true</RelativePosition>
		<Location>
			<X>151</X>
			<Y>68</Y>
		</Location>
		<Size>
			<CX>84</CX>
			<CY>16</CY>
		</Size>
		<Text>xx</Text>
		<TextColor>
			<R>255</R>
			<G>255</G>
			<B>255</B>
		</TextColor>
		<NoWrap>false</NoWrap>
		<AlignCenter>true</AlignCenter>
		<AlignRight>false</AlignRight>
	</StaticText>
	<Button item="SBW_Spell2">
		<ScreenID>SBW_Spell2</ScreenID>
		<RelativePosition>true</RelativePosition>
		<Location>
			<X>80</X>
			<Y>97</Y>
		</Location>
		<Size>
			<CX>44</CX>
			<CY>44</CY>
		</Size>
		<Style_Transparent>false</Style_Transparent>
		<Style_Checkbox>false</Style_Checkbox>
		<ButtonDrawTemplate>
			<Normal>BlueIconBackground</Normal>
			<NormalDecal>BuffIcons</NormalDecal>
		</ButtonDrawTemplate>
		<DecalOffset>
			<X>2</X>
			<Y>2</Y>
		</DecalOffset>
		<DecalSize>
			<CX>40</CX>
			<CY>40</CY>
		</DecalSize>
	</Button>
	<StaticText item="SBW_SpellName2">
		<ScreenID>SBW_SpellName2</ScreenID>
		<Font>1</Font>
		<RelativePosition>true</RelativePosition>
		<Location>
			<X>60</X>
			<Y>141</Y>
		</Location>
		<Size>
			<CX>84</CX>
			<CY>16</CY>
		</Size>
		<Text>xx</Text>
		<TextColor>
			<R>255</R>
			<G>255</G>
			<B>255</B>
		</TextColor>
		<NoWrap>false</NoWrap>
		<AlignCenter>true</AlignCenter>
		<AlignRight>false</AlignRight>
	</StaticText>
	<Button item="SBW_Spell3">
		<ScreenID>SBW_Spell3</ScreenID>
		<RelativePosition>true</RelativePosition>
		<Location>
			<X>171</X>
			<Y>97</Y>
		</Location>
		<Size>
			<CX>44</CX>
			<CY>44</CY>
		</Size>
		<Style_Transparent>false</Style_Transparent>
		<Style_Checkbox>false</Style_Checkbox>
		<ButtonDrawTemplate>
			<Normal>BlueIconBackground</Normal>
			<NormalDecal>BuffIcons</NormalDecal>
		</ButtonDrawTemplate>
		<DecalOffset>
			<X>2</X>
			<Y>2</Y>
		</DecalOffset>
		<DecalSize>
			<CX>40</CX>
			<CY>40</CY>
		</DecalSize>
	</Button>
	<StaticText item="SBW_SpellName3">
		<ScreenID>SBW_SpellName3</ScreenID>
		<Font>1</Font>
		<RelativePosition>true</RelativePosition>
		<Location>
			<X>151</X>
			<Y>141</Y>
		</Location>
		<Size>
			<CX>84</CX>
			<CY>16</CY>
		</Size>
		<Text>xx</Text>
		<TextColor>
			<R>255</R>
			<G>255</G>
			<B>255</B>
		</TextColor>
		<NoWrap>false</NoWrap>
		<AlignCenter>true</AlignCenter>
		<AlignRight>false</AlignRight>
	</StaticText>
	<Button item="SBW_Spell4">
		<ScreenID>SBW_Spell4</ScreenID>
		<RelativePosition>true</RelativePosition>
		<Location>
			<X>80</X>
			<Y>169</Y>
		</Location>
		<Size>
			<CX>44</CX>
			<CY>44</CY>
		</Size>
		<Style_Transparent>false</Style_Transparent>
		<Style_Checkbox>false</Style_Checkbox>
		<ButtonDrawTemplate>
			<Normal>BlueIconBackground</Normal>
			<NormalDecal>BuffIcons</NormalDecal>
		</ButtonDrawTemplate>
		<DecalOffset>
			<X>2</X>
			<Y>2</Y>
		</DecalOffset>
		<DecalSize>
			<CX>40</CX>
			<CY>40</CY>
		</DecalSize>
	</Button>
	<StaticText item="SBW_SpellName4">
		<ScreenID>SBW_SpellName4</ScreenID>
		<Font>1</Font>
		<RelativePosition>true</RelativePosition>
		<Location>
			<X>60</X>
			<Y>213</Y>
		</Location>
		<Size>
			<CX>84</CX>
			<CY>16</CY>
		</Size>
		<Text>xx</Text>
		<TextColor>
			<R>255</R>
			<G>255</G>
			<B>255</B>
		</TextColor>
		<NoWrap>false</NoWrap>
		<AlignCenter>true</AlignCenter>
		<AlignRight>false</AlignRight>
	</StaticText>
	<Button item="SBW_Spell5">
		<ScreenID>SBW_Spell5</ScreenID>
		<RelativePosition>true</RelativePosition>
		<Location>
			<X>171</X>
			<Y>169</Y>
		</Location>
		<Size>
			<CX>44</CX>
			<CY>44</CY>
		</Size>
		<Style_Transparent>false</Style_Transparent>
		<Style_Checkbox>false</Style_Checkbox>
		<ButtonDrawTemplate>
			<Normal>BlueIconBackground</Normal>
			<NormalDecal>BuffIcons</NormalDecal>
		</ButtonDrawTemplate>
		<DecalOffset>
			<X>2</X>
			<Y>2</Y>
		</DecalOffset>
		<DecalSize>
			<CX>40</CX>
			<CY>40</CY>
		</DecalSize>
	</Button>
	<StaticText item="SBW_SpellName5">
		<ScreenID>SBW_SpellName5</ScreenID>
		<Font>1</Font>
		<RelativePosition>true</RelativePosition>
		<Location>
			<X>151</X>
			<Y>213</Y>
		</Location>
		<Size>
			<CX>84</CX>
			<CY>16</CY>
		</Size>
		<Text>xx</Text>
		<TextColor>
			<R>255</R>
			<G>255</G>
			<B>255</B>
		</TextColor>
		<NoWrap>false</NoWrap>
		<AlignCenter>true</AlignCenter>
		<AlignRight>false</AlignRight>
	</StaticText>
	<Button item="SBW_Spell6">
		<ScreenID>SBW_Spell6</ScreenID>
		<RelativePosition>true</RelativePosition>
		<Location>
			<X>80</X>
			<Y>242</Y>
		</Location>
		<Size>
			<CX>44</CX>
			<CY>44</CY>
		</Size>
		<Style_Transparent>false</Style_Transparent>
		<Style_Checkbox>false</Style_Checkbox>
		<ButtonDrawTemplate>
			<Normal>BlueIconBackground</Normal>
			<NormalDecal>BuffIcons</NormalDecal>
		</ButtonDrawTemplate>
		<DecalOffset>
			<X>2</X>
			<Y>2</Y>
		</DecalOffset>
		<DecalSize>
			<CX>40</CX>
			<CY>40</CY>
		</DecalSize>
	</Button>
	<StaticText item="SBW_SpellName6">
		<ScreenID>SBW_SpellName6</ScreenID>
		<Font>1</Font>
		<RelativePosition>true</RelativePosition>
		<Location>
			<X>60</X>
			<Y>286</Y>
		</Location>
		<Size>
			<CX>84</CX>
			<CY>16</CY>
		</Size>
		<Text>xx</Text>
		<TextColor>
			<R>255</R>
			<G>255</G>
			<B>255</B>
		</TextColor>
		<NoWrap>false</NoWrap>
		<AlignCenter>true</AlignCenter>
		<AlignRight>false</AlignRight>
	</StaticText>
	<Button item="SBW_Spell7">
		<ScreenID>SBW_Spell7</ScreenID>
		<RelativePosition>true</RelativePosition>
		<Location>
			<X>171</X>
			<Y>242</Y>
		</Location>
		<Size>
			<CX>44</CX>
			<CY>44</CY>
		</Size>
		<Style_Transparent>false</Style_Transparent>
		<Style_Checkbox>false</Style_Checkbox>
		<ButtonDrawTemplate>
			<Normal>BlueIconBackground</Normal>
			<NormalDecal>BuffIcons</NormalDecal>
		</ButtonDrawTemplate>
		<DecalOffset>
			<X>2</X>
			<Y>2</Y>
		</DecalOffset>
		<DecalSize>
			<CX>40</CX>
			<CY>40</CY>
		</DecalSize>
	</Button>
	<StaticText item="SBW_SpellName7">
		<ScreenID>SBW_SpellName7</ScreenID>
		<Font>1</Font>
		<RelativePosition>true</RelativePosition>
		<Location>
			<X>151</X>
			<Y>286</Y>
		</Location>
		<Size>
			<CX>84</CX>
			<CY>16</CY>
		</Size>
		<Text>xx</Text>
		<TextColor>
			<R>255</R>
			<G>255</G>
			<B>255</B>
		</TextColor>
		<NoWrap>false</NoWrap>
		<AlignCenter>true</AlignCenter>
		<AlignRight>false</AlignRight>
	</StaticText>
	<Button item="SBW_Spell8">
		<ScreenID>SBW_Spell8</ScreenID>
		<RelativePosition>true</RelativePosition>
		<Location>
			<X>292</X>
			<Y>24</Y>
		</Location>
		<Size>
			<CX>44</CX>
			<CY>44</CY>
		</Size>
		<Style_Transparent>false</Style_Transparent>
		<Style_Checkbox>false</Style_Checkbox>
		<ButtonDrawTemplate>
			<Normal>BlueIconBackground</Normal>
			<NormalDecal>BuffIcons</NormalDecal>
		</ButtonDrawTemplate>
		<DecalOffset>
			<X>2</X>
			<Y>2</Y>
		</DecalOffset>
		<DecalSize>
			<CX>40</CX>
			<CY>40</CY>
		</DecalSize>
	</Button>
	<StaticText item="SBW_SpellName8">
		<ScreenID>SBW_SpellName8</ScreenID>
		<Font>1</Font>
		<RelativePosition>true</RelativePosition>
		<Location>
			<X>272</X>
			<Y>68</Y>
		</Location>
		<Size>
			<CX>84</CX>
			<CY>16</CY>
		</Size>
		<Text>xx</Text>
		<TextColor>
			<R>255</R>
			<G>255</G>
			<B>255</B>
		</TextColor>
		<NoWrap>false</NoWrap>
		<AlignCenter>true</AlignCenter>
		<AlignRight>false</AlignRight>
	</StaticText>
	<Button item="SBW_Spell9">
		<ScreenID>SBW_Spell9</ScreenID>
		<RelativePosition>true</RelativePosition>
		<Location>
			<X>383</X>
			<Y>24</Y>
		</Location>
		<Size>
			<CX>44</CX>
			<CY>44</CY>
		</Size>
		<Style_Transparent>false</Style_Transparent>
		<Style_Checkbox>false</Style_Checkbox>
		<ButtonDrawTemplate>
			<Normal>BlueIconBackground</Normal>
			<NormalDecal>BuffIcons</NormalDecal>
		</ButtonDrawTemplate>
		<DecalOffset>
			<X>2</X>
			<Y>2</Y>
		</DecalOffset>
		<DecalSize>
			<CX>40</CX>
			<CY>40</CY>
		</DecalSize>
	</Button>
	<StaticText item="SBW_SpellName9">
		<ScreenID>SBW_SpellName9</ScreenID>
		<Font>1</Font>
		<RelativePosition>true</RelativePosition>
		<Location>
			<X>363</X>
			<Y>68</Y>
		</Location>
		<Size>
			<CX>84</CX>
			<CY>16</CY>
		</Size>
		<Text>xx</Text>
		<TextColor>
			<R>255</R>
			<G>255</G>
			<B>255</B>
		</TextColor>
		<NoWrap>false</NoWrap>
		<AlignCenter>true</AlignCenter>
		<AlignRight>false</AlignRight>
	</StaticText>
	<Button item="SBW_Spell10">
		<ScreenID>SBW_Spell10</ScreenID>
		<RelativePosition>true</RelativePosition>
		<Location>
			<X>292</X>
			<Y>97</Y>
		</Location>
		<Size>
			<CX>44</CX>
			<CY>44</CY>
		</Size>
		<Style_Transparent>false</Style_Transparent>
		<Style_Checkbox>false</Style_Checkbox>
		<ButtonDrawTemplate>
			<Normal>BlueIconBackground</Normal>
			<NormalDecal>BuffIcons</NormalDecal>
		</ButtonDrawTemplate>
		<DecalOffset>
			<X>2</X>
			<Y>2</Y>
		</DecalOffset>
		<DecalSize>
			<CX>40</CX>
			<CY>40</CY>
		</DecalSize>
	</Button>
	<StaticText item="SBW_SpellName10">
		<ScreenID>SBW_SpellName10</ScreenID>
		<Font>1</Font>
		<RelativePosition>true</RelativePosition>
		<Location>
			<X>272</X>
			<Y>141</Y>
		</Location>
		<Size>
			<CX>84</CX>
			<CY>16</CY>
		</Size>
		<Text>xx</Text>
		<TextColor>
			<R>255</R>
			<G>255</G>
			<B>255</B>
		</TextColor>
		<NoWrap>false</NoWrap>
		<AlignCenter>true</AlignCenter>
		<AlignRight>false</AlignRight>
	</StaticText>
	<Button item="SBW_Spell11">
		<ScreenID>SBW_Spell11</ScreenID>
		<RelativePosition>true</RelativePosition>
		<Location>
			<X>383</X>
			<Y>97</Y>
		</Location>
		<Size>
			<CX>44</CX>
			<CY>44</CY>
		</Size>
		<Style_Transparent>false</Style_Transparent>
		<Style_Checkbox>false</Style_Checkbox>
		<ButtonDrawTemplate>
			<Normal>BlueIconBackground</Normal>
			<NormalDecal>BuffIcons</NormalDecal>
		</ButtonDrawTemplate>
		<DecalOffset>
			<X>2</X>
			<Y>2</Y>
		</DecalOffset>
		<DecalSize>
			<CX>40</CX>
			<CY>40</CY>
		</DecalSize>
	</Button>
	<StaticText item="SBW_SpellName11">
		<ScreenID>SBW_SpellName11</ScreenID>
		<Font>1</Font>
		<RelativePosition>true</RelativePosition>
		<Location>
			<X>363</X>
			<Y>141</Y>
		</Location>
		<Size>
			<CX>84</CX>
			<CY>16</CY>
		</Size>
		<Text>xx</Text>
		<TextColor>
			<R>255</R>
			<G>255</G>
			<B>255</B>
		</TextColor>
		<NoWrap>false</NoWrap>
		<AlignCenter>true</AlignCenter>
		<AlignRight>false</AlignRight>
	</StaticText>
	<Button item="SBW_Spell12">
		<ScreenID>SBW_Spell12</ScreenID>
		<RelativePosition>true</RelativePosition>
		<Location>
			<X>292</X>
			<Y>169</Y>
		</Location>
		<Size>
			<CX>44</CX>
			<CY>44</CY>
		</Size>
		<Style_Transparent>false</Style_Transparent>
		<Style_Checkbox>false</Style_Checkbox>
		<ButtonDrawTemplate>
			<Normal>BlueIconBackground</Normal>
			<NormalDecal>BuffIcons</NormalDecal>
		</ButtonDrawTemplate>
		<DecalOffset>
			<X>2</X>
			<Y>2</Y>
		</DecalOffset>
		<DecalSize>
			<CX>40</CX>
			<CY>40</CY>
		</DecalSize>
	</Button>
	<StaticText item="SBW_SpellName12">
		<ScreenID>SBW_SpellName12</ScreenID>
		<Font>1</Font>
		<RelativePosition>true</RelativePosition>
		<Location>
			<X>272</X>
			<Y>213</Y>
		</Location>
		<Size>
			<CX>84</CX>
			<CY>16</CY>
		</Size>
		<Text>xx</Text>
		<TextColor>
			<R>255</R>
			<G>255</G>
			<B>255</B>
		</TextColor>
		<NoWrap>false</NoWrap>
		<AlignCenter>true</AlignCenter>
		<AlignRight>false</AlignRight>
	</StaticText>
	<Button item="SBW_Spell13">
		<ScreenID>SBW_Spell13</ScreenID>
		<RelativePosition>true</RelativePosition>
		<Location>
			<X>383</X>
			<Y>169</Y>
		</Location>
		<Size>
			<CX>44</CX>
			<CY>44</CY>
		</Size>
		<Style_Transparent>false</Style_Transparent>
		<Style_Checkbox>false</Style_Checkbox>
		<ButtonDrawTemplate>
			<Normal>BlueIconBackground</Normal>
			<NormalDecal>BuffIcons</NormalDecal>
		</ButtonDrawTemplate>
		<DecalOffset>
			<X>2</X>
			<Y>2</Y>
		</DecalOffset>
		<DecalSize>
			<CX>40</CX>
			<CY>40</CY>
		</DecalSize>
	</Button>
	<StaticText item="SBW_SpellName13">
		<ScreenID>SBW_SpellName13</ScreenID>
		<Font>1</Font>
		<RelativePosition>true</RelativePosition>
		<Location>
			<X>363</X>
			<Y>213</Y>
		</Location>
		<Size>
			<CX>84</CX>
			<CY>16</CY>
		</Size>
		<Text>xx</Text>
		<TextColor>
			<R>255</R>
			<G>255</G>
			<B>255</B>
		</TextColor>
		<NoWrap>false</NoWrap>
		<AlignCenter>true</AlignCenter>
		<AlignRight>false</AlignRight>
	</StaticText>
	<Button item="SBW_Spell14">
		<ScreenID>SBW_Spell14</ScreenID>
		<RelativePosition>true</RelativePosition>
		<Location>
			<X>292</X>
			<Y>242</Y>
		</Location>
		<Size>
			<CX>44</CX>
			<CY>44</CY>
		</Size>
		<Style_Transparent>false</Style_Transparent>
		<Style_Checkbox>false</Style_Checkbox>
		<ButtonDrawTemplate>
			<Normal>BlueIconBackground</Normal>
			<NormalDecal>BuffIcons</NormalDecal>
		</ButtonDrawTemplate>
		<DecalOffset>
			<X>2</X>
			<Y>2</Y>
		</DecalOffset>
		<DecalSize>
			<CX>40</CX>
			<CY>40</CY>
		</DecalSize>
	</Button>
	<StaticText item="SBW_SpellName14">
		<ScreenID>SBW_SpellName14</ScreenID>
		<Font>1</Font>
		<RelativePosition>true</RelativePosition>
		<Location>
			<X>272</X>
			<Y>286</Y>
		</Location>
		<Size>
			<CX>84</CX>
			<CY>16</CY>
		</Size>
		<Text>xx</Text>
		<TextColor>
			<R>255</R>
			<G>255</G>
			<B>255</B>
		</TextColor>
		<NoWrap>false</NoWrap>
		<AlignCenter>true</AlignCenter>
		<AlignRight>false</AlignRight>
	</StaticText>
	<Button item="SBW_Spell15">
		<ScreenID>SBW_Spell15</ScreenID>
		<RelativePosition>true</RelativePosition>
		<Location>
			<X>383</X>
			<Y>242</Y>
		</Location>
		<Size>
			<CX>44</CX>
			<CY>44</CY>
		</Size>
		<Style_Transparent>false</Style_Transparent>
		<Style_Checkbox>false</Style_Checkbox>
		<ButtonDrawTemplate>
			<Normal>BlueIconBackground</Normal>
			<NormalDecal>BuffIcons</NormalDecal>
		</ButtonDrawTemplate>
		<DecalOffset>
			<X>2</X>
			<Y>2</Y>
		</DecalOffset>
		<DecalSize>
			<CX>40</CX>
			<CY>40</CY>
		</DecalSize>
	</Button>
	<StaticText item="SBW_SpellName15">
		<ScreenID>SBW_SpellName15</ScreenID>
		<Font>1</Font>
		<RelativePosition>true</RelativePosition>
		<Location>
			<X>363</X>
			<Y>286</Y>
		</Location>
		<Size>
			<CX>84</CX>
			<CY>16</CY>
		</Size>
		<Text>xx</Text>
		<TextColor>
			<R>255</R>
			<G>255</G>
			<B>255</B>
		</TextColor>
		<NoWrap>false</NoWrap>
		<AlignCenter>true</AlignCenter>
		<AlignRight>false</AlignRight>
	</StaticText>
	<!-- gauges -->
	<Gauge item="SBW_Memorize_Gauge">
		<ScreenID>SBW_Memorize_Gauge</ScreenID>
		<RelativePosition>true</RelativePosition>
		<Location>
			<X>204</X>
			<Y>312</Y>
		</Location>
		<Size>
			<CX>100</CX>
			<CY>8</CY>
		</Size>
		<GaugeOffsetY>0</GaugeOffsetY>
		<Style_Transparent>true</Style_Transparent>
		<FillTint>
			<R>200</R>
			<G>0</G>
			<B>200</B>
		</FillTint>
		<LinesFillTint>
			<R>0</R>
			<G>0</G>
			<B>0</B>
		</LinesFillTint>
		<DrawLinesFill>false</DrawLinesFill>
		<EQType>9</EQType>
		<GaugeDrawTemplate>
			<Fill>A_GaugeFill</Fill>
			<LinesFill>A_GaugeLinesFill</LinesFill>
		</GaugeDrawTemplate>
		<GaugeOffsetX>-1</GaugeOffsetX>
	</Gauge>
	<Gauge item="SBW_Scribe_Gauge">
		<ScreenID>SBW_Memorize_Gauge</ScreenID>
		<RelativePosition>true</RelativePosition>
		<Location>
			<X>204</X>
			<Y>312</Y>
		</Location>
		<Size>
			<CX>100</CX>
			<CY>8</CY>
		</Size>
		<GaugeOffsetY>0</GaugeOffsetY>
		<Style_Transparent>true</Style_Transparent>
		<FillTint>
			<R>176</R>
			<G>64</G>
			<B>0</B>
		</FillTint>
		<LinesFillTint>
			<R>240</R>
			<G>127</G>
			<B>0</B>
		</LinesFillTint>
		<DrawLinesFill>true</DrawLinesFill>
		<EQType>10</EQType>
		<GaugeDrawTemplate>
			<Fill>A_GaugeFill</Fill>
			<LinesFill>A_GaugeLinesFill</LinesFill>
		</GaugeDrawTemplate>
		<GaugeOffsetX>-1</GaugeOffsetX>
	</Gauge>
	<!-- unsupported features -->
	<Button item="SBW_MemPage0_Button">
		<ScreenID>SBW_MemPage0_Button</ScreenID>
		<RelativePosition>true</RelativePosition>
		<Location>
			<X>66</X>
			<Y>285</Y>
		</Location>
		<Size>
			<CX>1</CX>
			<CY>1</CY>
		</Size>
		<Style_Transparent>false</Style_Transparent>
		<Style_Checkbox>false</Style_Checkbox>
		<Text>Mem. This Page</Text>
		<TextColor>
			<R>255</R>
			<G>255</G>
			<B>255</B>
		</TextColor>
		<ButtonDrawTemplate>
			<Normal>A_BtnNormal</Normal>
			<Pressed>A_BtnPressed</Pressed>
			<Flyby>A_BtnFlyby</Flyby>
			<Disabled>A_BtnDisabled</Disabled>
			<PressedFlyby>A_BtnPressedFlyby</PressedFlyby>
		</ButtonDrawTemplate>
	</Button>
	<Button item="SBW_MemPage1_Button">
		<ScreenID>SBW_MemPage1_Button</ScreenID>
		<!--<Font>3</Font>-->
		<RelativePosition>true</RelativePosition>
		<Location>
			<X>296</X>
			<Y>285</Y>
		</Location>
		<Size>
			<CX>1</CX>
			<CY>1</CY>
		</Size>
		<Style_Transparent>false</Style_Transparent>
		<Style_Checkbox>false</Style_Checkbox>
		<Text>Mem. This Page</Text>
		<TextColor>
			<R>255</R>
			<G>255</G>
			<B>255</B>
		</TextColor>
		<ButtonDrawTemplate>
			<Normal>A_BtnNormal</Normal>
			<Pressed>A_BtnPressed</Pressed>
			<Flyby>A_BtnFlyby</Flyby>
			<Disabled>A_BtnDisabled</Disabled>
			<PressedFlyby>A_BtnPressedFlyby</PressedFlyby>
		</ButtonDrawTemplate>
	</Button>
	<Button item="SBW_PageDown_Button">
		<ScreenID>SBW_PageDown_Button</ScreenID>
		<RelativePosition>true</RelativePosition>
		<Location>
			<X>6</X>
			<Y>145</Y>
		</Location>
		<Size>
			<CX>18</CX>
			<CY>32</CY>
		</Size>
		<Style_Transparent>false</Style_Transparent>
		<Style_Checkbox>false</Style_Checkbox>
		<Text />
		<TextColor>
			<R>255</R>
			<G>255</G>
			<B>255</B>
		</TextColor>
		<ButtonDrawTemplate>
			<Disabled>SBW_LeftSplBkBtnDisabled</Disabled>
			<Flyby>SBW_LeftSplBkBtnFlyby</Flyby>
			<Normal>SBW_LeftSplBkBtnNormal</Normal>
			<Pressed>SBW_LeftSplBkBtnPressed</Pressed>
			<PressedFlyby>SBW_LeftSplBkBtnPressedFlyby</PressedFlyby>
		</ButtonDrawTemplate>
	</Button>
	<Button item="SBW_PageUp_Button">
		<ScreenID>SBW_PageUp_Button</ScreenID>
		<RelativePosition>true</RelativePosition>
		<Location>
			<X>487</X>
			<Y>145</Y>
		</Location>
		<Size>
			<CX>18</CX>
			<CY>32</CY>
		</Size>
		<Style_Transparent>false</Style_Transparent>
		<Style_Checkbox>false</Style_Checkbox>
		<Text />
		<TextColor>
			<R>255</R>
			<G>255</G>
			<B>255</B>
		</TextColor>
		<ButtonDrawTemplate>
			<Disabled>SBW_RightSplBkBtnDisabled</Disabled>
			<Flyby>SBW_RightSplBkBtnFlyby</Flyby>
			<Normal>SBW_RightSplBkBtnNormal</Normal>
			<Pressed>SBW_RightSplBkBtnPressed</Pressed>
			<PressedFlyby>SBW_RightSplBkBtnPressedFlyby</PressedFlyby>
		</ButtonDrawTemplate>
	</Button>
	<!-- page numbers -->
	<StaticText item="SBW_LeftPageNum">
		<ScreenID>SBW_LeftPageNum</ScreenID>
		<RelativePosition>true</RelativePosition>
		<Location>
			<X>137</X>
			<Y>9</Y>
		</Location>
		<Size>
			<CX>20</CX>
			<CY>16</CY>
		</Size>
		<Text>98</Text>
		<TextColor>
			<R>255</R>
			<G>255</G>
			<B>255</B>
		</TextColor>
		<NoWrap>true</NoWrap>
		<AlignCenter>true</AlignCenter>
		<AlignRight>false</AlignRight>
	</StaticText>
	<StaticText item="SBW_RightPageNum">
		<ScreenID>SBW_RightPageNum</ScreenID>
		<RelativePosition>true</RelativePosition>
		<Location>
			<X>350</X>
			<Y>9</Y>
		</Location>
		<Size>
			<CX>20</CX>
			<CY>16</CY>
		</Size>
		<Text>99</Text>
		<Text>xx</Text>
		<TextColor>
			<R>255</R>
			<G>255</G>
			<B>255</B>
		</TextColor>
		<NoWrap>true</NoWrap>
		<AlignCenter>true</AlignCenter>
		<AlignRight>false</AlignRight>
	</StaticText>
	<!-- spellbook sections -->
	<StaticAnimation item="SBW_SpellBook1">
		<ScreenID>SBW_SpellBook1</ScreenID>
		<RelativePosition>true</RelativePosition>
		<Location>
			<X>0</X>
			<Y>0</Y>
		</Location>
		<Size>
			<CX>256</CX>
			<CY>256</CY>
		</Size>
		<Animation>Default_SpellBook1</Animation>
	</StaticAnimation>
	<StaticAnimation item="SBW_SpellBook2">
		<ScreenID>SBW_SpellBook2</ScreenID>
		<RelativePosition>true</RelativePosition>
		<Location>
			<X>256</X>
			<Y>0</Y>
		</Location>
		<Size>
			<CX>256</CX>
			<CY>256</CY>
		</Size>
		<Animation>Default_SpellBook2</Animation>
	</StaticAnimation>
	<StaticAnimation item="SBW_SpellBook3">
		<ScreenID>SBW_SpellBook3</ScreenID>
		<RelativePosition>true</RelativePosition>
		<Location>
			<X>0</X>
			<Y>256</Y>
		</Location>
		<Size>
			<CX>256</CX>
			<CY>107</CY>
		</Size>
		<Animation>Default_SpellBook3</Animation>
	</StaticAnimation>
	<StaticAnimation item="SBW_SpellBook4">
		<ScreenID>SBW_SpellBook4</ScreenID>
		<RelativePosition>true</RelativePosition>
		<Location>
			<X>256</X>
			<Y>256</Y>
		</Location>
		<Size>
			<CX>256</CX>
			<CY>107</CY>
		</Size>
		<Animation>Default_SpellBook4</Animation>
	</StaticAnimation>
	<!-- Close Button -->
	<Button item="SBW_DoneButton">
		<ScreenID>DoneButton</ScreenID>
		<RelativePosition>true</RelativePosition>
		<Location>
			<X>449</X>
			<Y>5</Y>
		</Location>
		<Size>
			<CX>13</CX>
			<CY>13</CY>
		</Size>
		<Style_Transparent>true</Style_Transparent>
		<Style_Checkbox>false</Style_Checkbox>
		<Text />
		<TextColor>
			<R>255</R>
			<G>255</G>
			<B>255</B>
		</TextColor>
		<ButtonDrawTemplate>
			<Flyby>Default_SpellBookClose</Flyby>
		</ButtonDrawTemplate>
	</Button>
	<!-- Spellbook -->
	<Screen item="SpellBookWnd">
		<RelativePosition>false</RelativePosition>
		<Location>
			<X>190</X>
			<Y>80</Y>
		</Location>
		<Size>
			<CX>510</CX>
			<CY>360</CY>
		</Size>
		<!-- misc. -->
		<Text>My Spell Book</Text>
		<Style_Transparent>true</Style_Transparent>
		<TooltipReference />
		<DrawTemplate>WDT_Rounded</DrawTemplate>
		<Style_Titlebar>false</Style_Titlebar>
		<Style_Closebox>false</Style_Closebox>
		<Style_Minimizebox>false</Style_Minimizebox>
		<Style_Border>false</Style_Border>
		<Style_Sizable>false</Style_Sizable>
		<!-- defs. -->
		<Pieces>SBW_SpellBook1</Pieces>
		<Pieces>SBW_SpellBook2</Pieces>
		<Pieces>SBW_SpellBook3</Pieces>
		<Pieces>SBW_SpellBook4</Pieces>
		<Pieces>SBW_Spell0</Pieces>
		<Pieces>SBW_SpellName0</Pieces>
		<Pieces>SBW_Spell1</Pieces>
		<Pieces>SBW_SpellName1</Pieces>
		<Pieces>SBW_Spell2</Pieces>
		<Pieces>SBW_SpellName2</Pieces>
		<Pieces>SBW_Spell3</Pieces>
		<Pieces>SBW_SpellName3</Pieces>
		<Pieces>SBW_Spell4</Pieces>
		<Pieces>SBW_SpellName4</Pieces>
		<Pieces>SBW_Spell5</Pieces>
		<Pieces>SBW_SpellName5</Pieces>
		<Pieces>SBW_Spell6</Pieces>
		<Pieces>SBW_SpellName6</Pieces>
		<Pieces>SBW_Spell7</Pieces>
		<Pieces>SBW_SpellName7</Pieces>
		<Pieces>SBW_Spell8</Pieces>
		<Pieces>SBW_SpellName8</Pieces>
		<Pieces>SBW_Spell9</Pieces>
		<Pieces>SBW_SpellName9</Pieces>
		<Pieces>SBW_Spell10</Pieces>
		<Pieces>SBW_SpellName10</Pieces>
		<Pieces>SBW_Spell11</Pieces>
		<Pieces>SBW_SpellName11</Pieces>
		<Pieces>SBW_Spell12</Pieces>
		<Pieces>SBW_SpellName12</Pieces>
		<Pieces>SBW_Spell13</Pieces>
		<Pieces>SBW_SpellName13</Pieces>
		<Pieces>SBW_Spell14</Pieces>
		<Pieces>SBW_SpellName14</Pieces>
		<Pieces>SBW_Spell15</Pieces>
		<Pieces>SBW_SpellName15</Pieces>
		<Pieces>SBW_Memorize_Gauge</Pieces>
		<Pieces>SBW_Scribe_Gauge</Pieces>
		<Pieces>SBW_MemPage0_Button</Pieces>
		<Pieces>SBW_MemPage1_Button</Pieces>
		<Pieces>SBW_PageDown_Button</Pieces>
		<Pieces>SBW_PageUp_Button</Pieces>
		<Pieces>SBW_LeftPageNum</Pieces>
		<Pieces>SBW_RightPageNum</Pieces>
		<Pieces>SBW_DoneButton</Pieces>
	</Screen>
</XML>
