<?xml version = "1.0"?>
<XML ID = "EQInterfaceDefinitionLanguage">
	<Schema xmlns = "EverQuestData" xmlns:dt = "EverQuestDataTypes"/>

	<Ui2DAnimation item = "GW_Highlight">
		<Cycle>true</Cycle>
		<Frames>
			<Texture>window_pieces22.tga</Texture>
			<Location>
				<X>0</X>
				<Y>0</Y>
			</Location>
			<Size>
				<CX>127</CX>
				<CY>23</CY>
			</Size>
			<Hotspot>
				<X>0</X>
				<Y>0</Y>
			</Hotspot>
			<Duration>1000</Duration>
		</Frames>
	</Ui2DAnimation>

	<Ui2DAnimation item = "GW_V_bartopleft_image">
		<Cycle>true</Cycle>
		<Frames>
			<Texture>window_pieces22.tga</Texture>
			<Location>
				<X>9</X>
				<Y>39</Y>
			</Location>
			<Size>
				<CX>14</CX>
				<CY>14</CY>
			</Size>
			<Hotspot>
				<X>0</X>
				<Y>0</Y>
			</Hotspot>
			<Duration>1000</Duration>
		</Frames>
	</Ui2DAnimation>
	
	<Ui2DAnimation item = "GW_V_barmiddle_image">
		<Cycle>true</Cycle>
		<Frames>
			<Texture>window_pieces22.tga</Texture>
			<Location>
				<X>28</X>
				<Y>70</Y>
			</Location>
			<Size>
				<CX>14</CX>
				<CY>50</CY>
			</Size>
			<Hotspot>
				<X>0</X>
				<Y>0</Y>
			</Hotspot>
			<Duration>1000</Duration>
		</Frames>
	</Ui2DAnimation>
	
	<Ui2DAnimation item = "GW_V_barbottom_image">
		<Cycle>true</Cycle>
		<Frames>
			<Texture>window_pieces22.tga</Texture>
			<Location>
				<X>28</X>
				<Y>117</Y>
			</Location>
			<Size>
				<CX>14</CX>
				<CY>10</CY>
			</Size>
			<Hotspot>
				<X>0</X>
				<Y>0</Y>
			</Hotspot>
			<Duration>1000</Duration>
		</Frames>
	</Ui2DAnimation>
		
	<StaticAnimation item = "GW_V_barblack">
		<RelativePosition>true</RelativePosition>
		<Location>
			<X>0</X>
			<Y>1</Y>
		</Location>
		<Size>
			<CX>16</CX>
			<CY>127</CY>
		</Size>
		<Animation>Blackbox</Animation>
	</StaticAnimation>

	<StaticAnimation item = "GW_V_bartopleft">
		<ScreenID>SBW_SpellBook1</ScreenID>
		<RelativePosition>true</RelativePosition>
		<Location>
			<X>1</X>
			<Y>2</Y>
		</Location>
		<Size>
			<CX>14</CX>
			<CY>14</CY>
		</Size>
		<Animation>GW_V_bartopleft_image</Animation>
	</StaticAnimation>

	<StaticAnimation item = "GW_V_barmiddle">
		<ScreenID>SBW_SpellBook1</ScreenID>
		<RelativePosition>true</RelativePosition>
		<Location>
			<X>1</X>
			<Y>15</Y>
		</Location>
		<Size>
			<CX>14</CX>
			<CY>102</CY>
		</Size>
		<Animation>GW_V_barmiddle_image</Animation>
	</StaticAnimation>

	<StaticAnimation item = "GW_V_barbottom">
		<ScreenID>SBW_SpellBook1</ScreenID>
		<RelativePosition>true</RelativePosition>
		<Location>
			<X>1</X>
			<Y>117</Y>
		</Location>
		<Size>
			<CX>14</CX>
			<CY>10</CY>
		</Size>
		<Animation>GW_V_barbottom_image</Animation>
	</StaticAnimation>	

	<Ui2DAnimation item = "GW_H_barleft_image">
		<Cycle>true</Cycle>
		<Frames>
			<Texture>window_pieces22.tga</Texture>
			<Location>
				<X>25</X>
				<Y>39</Y>
			</Location>
			<Size>
				<CX>10</CX>
				<CY>14</CY>
			</Size>
			<Hotspot>
				<X>0</X>
				<Y>0</Y>
			</Hotspot>
			<Duration>1000</Duration>
		</Frames>
	</Ui2DAnimation>
	
	<Ui2DAnimation item = "GW_H_barmiddle_image">
		<Cycle>true</Cycle>
		<Frames>
			<Texture>window_pieces22.tga</Texture>
			<Location>
				<X>40</X>
				<Y>39</Y>
			</Location>
			<Size>
				<CX>50</CX>
				<CY>14</CY>
			</Size>
			<Hotspot>
				<X>0</X>
				<Y>0</Y>
			</Hotspot>
			<Duration>1000</Duration>
		</Frames>
	</Ui2DAnimation>
	
	<Ui2DAnimation item = "GW_H_barright_image">
		<Cycle>true</Cycle>
		<Frames>
			<Texture>window_pieces22.tga</Texture>
			<Location>
				<X>118</X>
				<Y>39</Y>
			</Location>
			<Size>
				<CX>30</CX>
				<CY>14</CY>
			</Size>
			<Hotspot>
				<X>0</X>
				<Y>0</Y>
			</Hotspot>
			<Duration>1000</Duration>
		</Frames>
	</Ui2DAnimation>
		
	<StaticAnimation item = "GW_H_barblack">
		<RelativePosition>true</RelativePosition>
		<Location>
			<X>0</X>
			<Y>1</Y>
		</Location>
		<Size>
			<CX>143</CX>
			<CY>16</CY>
		</Size>
		<Animation>Blackbox</Animation>
	</StaticAnimation>

	<StaticAnimation item = "GW_H_barmiddle">
		<ScreenID>SBW_SpellBook1</ScreenID>
		<RelativePosition>true</RelativePosition>
		<Location>
			<X>15</X>
			<Y>2</Y>
		</Location>
		<Size>
			<CX>67</CX>
			<CY>14</CY>
		</Size>
		<Animation>GW_H_barmiddle_image</Animation>
	</StaticAnimation>

	<StaticAnimation item = "GW_H_barright">
		<ScreenID>SBW_SpellBook1</ScreenID>
		<RelativePosition>true</RelativePosition>
		<Location>
			<X>82</X>
			<Y>2</Y>
		</Location>
		<Size>
			<CX>30</CX>
			<CY>14</CY>
		</Size>
		<Animation>GW_H_barright_image</Animation>
	</StaticAnimation>		
	
	<Ui2DAnimation item = "A_InviteBtnNormal">
		<Cycle>true</Cycle>
		<Frames>
			<Texture>window_pieces22.tga</Texture>
			<Location>
				<X>120</X>
				<Y>55</Y>
			</Location>
			<Size>
				<CX>14</CX>
				<CY>14</CY>
			</Size>
			<Hotspot>
				<X>0</X>
				<Y>0</Y>
			</Hotspot>
			<Duration>1000</Duration>
		</Frames>
	</Ui2DAnimation>

	<Ui2DAnimation item = "A_InviteBtnFlyby">
		<Cycle>true</Cycle>
		<Frames>
			<Texture>window_pieces22.tga</Texture>
			<Location>
				<X>134</X>
				<Y>55</Y>
			</Location>
			<Size>
				<CX>14</CX>
				<CY>14</CY>
			</Size>
			<Hotspot>
				<X>0</X>
				<Y>0</Y>
			</Hotspot>
			<Duration>1000</Duration>
		</Frames>
	</Ui2DAnimation>

	<Ui2DAnimation item = "A_InviteBtnPressed">
		<Cycle>true</Cycle>
		<Frames>
			<Texture>window_pieces22.tga</Texture>
			<Location>
				<X>104</X>
				<Y>55</Y>
			</Location>
			<Size>
				<CX>14</CX>
				<CY>14</CY>
			</Size>
			<Hotspot>
				<X>0</X>
				<Y>0</Y>
			</Hotspot>
			<Duration>1000</Duration>
		</Frames>
	</Ui2DAnimation>
	
	<Ui2DAnimation item = "A_GWBtnDisabled">
		<Cycle>true</Cycle>
		<Frames>
			<Texture>window_pieces22.tga</Texture>
			<Location>
				<X>88</X>
				<Y>55</Y>
			</Location>
			<Size>
				<CX>14</CX>
				<CY>14</CY>
			</Size>
			<Hotspot>
				<X>0</X>
				<Y>0</Y>
			</Hotspot>
			<Duration>1000</Duration>
		</Frames>
	</Ui2DAnimation>

	<Ui2DAnimation item = "A_DisbandBtnNormal">
		<Cycle>true</Cycle>
		<Frames>
			<Texture>window_pieces22.tga</Texture>
			<Location>
				<X>120</X>
				<Y>71</Y>
			</Location>
			<Size>
				<CX>14</CX>
				<CY>14</CY>
			</Size>
			<Hotspot>
				<X>0</X>
				<Y>0</Y>
			</Hotspot>
			<Duration>1000</Duration>
		</Frames>
	</Ui2DAnimation>

	<Ui2DAnimation item = "A_DisbandBtnFlyby">
		<Cycle>true</Cycle>
		<Frames>
			<Texture>window_pieces22.tga</Texture>
			<Location>
				<X>134</X>
				<Y>71</Y>
			</Location>
			<Size>
				<CX>14</CX>
				<CY>14</CY>
			</Size>
			<Hotspot>
				<X>0</X>
				<Y>0</Y>
			</Hotspot>
			<Duration>1000</Duration>
		</Frames>
	</Ui2DAnimation>

	<Ui2DAnimation item = "A_DisbandBtnPressed">
		<Cycle>true</Cycle>
		<Frames>
			<Texture>window_pieces22.tga</Texture>
			<Location>
				<X>104</X>
				<Y>71</Y>
			</Location>
			<Size>
				<CX>14</CX>
				<CY>14</CY>
			</Size>
			<Hotspot>
				<X>0</X>
				<Y>0</Y>
			</Hotspot>
			<Duration>1000</Duration>
		</Frames>
	</Ui2DAnimation>

	
	<Ui2DAnimation item = "A_FollowBtnNormal">
		<Cycle>true</Cycle>
		<Frames>
			<Texture>window_pieces22.tga</Texture>
			<Location>
				<X>120</X>
				<Y>87</Y>
			</Location>
			<Size>
				<CX>14</CX>
				<CY>14</CY>
			</Size>
			<Hotspot>
				<X>0</X>
				<Y>0</Y>
			</Hotspot>
			<Duration>1000</Duration>
		</Frames>
	</Ui2DAnimation>

	<Ui2DAnimation item = "A_FollowBtnFlyby">
		<Cycle>true</Cycle>
		<Frames>
			<Texture>window_pieces22.tga</Texture>
			<Location>
				<X>134</X>
				<Y>87</Y>
			</Location>
			<Size>
				<CX>14</CX>
				<CY>14</CY>
			</Size>
			<Hotspot>
				<X>0</X>
				<Y>0</Y>
			</Hotspot>
			<Duration>1000</Duration>
		</Frames>
	</Ui2DAnimation>

	<Ui2DAnimation item = "A_FollowBtnPressed">
		<Cycle>true</Cycle>
		<Frames>
			<Texture>window_pieces22.tga</Texture>
			<Location>
				<X>104</X>
				<Y>87</Y>
			</Location>
			<Size>
				<CX>14</CX>
				<CY>14</CY>
			</Size>
			<Hotspot>
				<X>0</X>
				<Y>0</Y>
			</Hotspot>
			<Duration>1000</Duration>
		</Frames>
	</Ui2DAnimation>

	<Ui2DAnimation item = "A_DeclineBtnNormal">
		<Cycle>true</Cycle>
		<Frames>
			<Texture>window_pieces22.tga</Texture>
			<Location>
				<X>120</X>
				<Y>109</Y>
			</Location>
			<Size>
				<CX>14</CX>
				<CY>14</CY>
			</Size>
			<Hotspot>
				<X>0</X>
				<Y>0</Y>
			</Hotspot>
			<Duration>1000</Duration>
		</Frames>
	</Ui2DAnimation>

	<Ui2DAnimation item = "A_DeclineBtnFlyby">
		<Cycle>true</Cycle>
		<Frames>
			<Texture>window_pieces22.tga</Texture>
			<Location>
				<X>134</X>
				<Y>109</Y>
			</Location>
			<Size>
				<CX>14</CX>
				<CY>14</CY>
			</Size>
			<Hotspot>
				<X>0</X>
				<Y>0</Y>
			</Hotspot>
			<Duration>1000</Duration>
		</Frames>
	</Ui2DAnimation>

	<Ui2DAnimation item = "A_DeclineBtnPressed">
		<Cycle>true</Cycle>
		<Frames>
			<Texture>window_pieces22.tga</Texture>
			<Location>
				<X>104</X>
				<Y>109</Y>
			</Location>
			<Size>
				<CX>14</CX>
				<CY>14</CY>
			</Size>
			<Hotspot>
				<X>0</X>
				<Y>0</Y>
			</Hotspot>
			<Duration>1000</Duration>
		</Frames>
	</Ui2DAnimation>

	<Ui2DAnimation item = "A_F2image">
		<Cycle>true</Cycle>
		<Frames>
			<Texture>window_pieces21.tga</Texture>
			<Location>
				<X>205</X>
				<Y>59</Y>
			</Location>
			<Size>
				<CX>15</CX>
				<CY>8</CY>
			</Size>
			<Hotspot>
				<X>0</X>
				<Y>0</Y>
			</Hotspot>
			<Duration>1000</Duration>
		</Frames>
	</Ui2DAnimation>

	<Ui2DAnimation item = "A_F3image">
		<Cycle>true</Cycle>
		<Frames>
			<Texture>window_pieces21.tga</Texture>
			<Location>
				<X>221</X>
				<Y>59</Y>
			</Location>
			<Size>
				<CX>15</CX>
				<CY>8</CY>
			</Size>
			<Hotspot>
				<X>0</X>
				<Y>0</Y>
			</Hotspot>
			<Duration>1000</Duration>
		</Frames>
	</Ui2DAnimation>

	<Ui2DAnimation item = "A_F4image">
		<Cycle>true</Cycle>
		<Frames>
			<Texture>window_pieces21.tga</Texture>
			<Location>
				<X>189</X>
				<Y>71</Y>
			</Location>
			<Size>
				<CX>15</CX>
				<CY>8</CY>
			</Size>
			<Hotspot>
				<X>0</X>
				<Y>0</Y>
			</Hotspot>
			<Duration>1000</Duration>
		</Frames>
	</Ui2DAnimation>

	<Ui2DAnimation item = "A_F5image">
		<Cycle>true</Cycle>
		<Frames>
			<Texture>window_pieces21.tga</Texture>
			<Location>
				<X>205</X>
				<Y>71</Y>
			</Location>
			<Size>
				<CX>15</CX>
				<CY>8</CY>
			</Size>
			<Hotspot>
				<X>0</X>
				<Y>0</Y>
			</Hotspot>
			<Duration>1000</Duration>
		</Frames>
	</Ui2DAnimation>

	<Ui2DAnimation item = "A_F6image">
		<Cycle>true</Cycle>
		<Frames>
			<Texture>window_pieces21.tga</Texture>
			<Location>
				<X>221</X>
				<Y>71</Y>
			</Location>
			<Size>
				<CX>15</CX>
				<CY>8</CY>
			</Size>
			<Hotspot>
				<X>0</X>
				<Y>0</Y>
			</Hotspot>
			<Duration>1000</Duration>
		</Frames>
	</Ui2DAnimation>

	
	<Button item="GW_LFGButton">
		<ScreenID>LFGButton</ScreenID>
		<RelativePosition>true</RelativePosition>
		<Location>
			<X>42</X>
			<Y>2</Y>
		</Location>
		<Size>
			<CX>24</CX>
			<CY>14</CY>
		</Size>
		<Style_Checkbox>false</Style_Checkbox>
		<TooltipReference>Open LFG Window</TooltipReference>
		<ButtonDrawTemplate>
			<Normal>GW_LFGBtnNormal</Normal>
			<Pressed>GW_LFGBtnPressed</Pressed>
			<Flyby>GW_LFGBtnFlyby</Flyby>
			<Disabled>GW_LFGBtnNormal</Disabled>
			<PressedFlyby>GW_LFGBtnPressedFlyby</PressedFlyby>
		</ButtonDrawTemplate>
	</Button>		
	
	<Button item = "GW_InviteButton">
		<ScreenID>InviteButton</ScreenID>
		<Font>1</Font>
		<RelativePosition>true</RelativePosition>
		<Location>
			<X>67</X>
			<Y>2</Y>
		</Location>
		<Size>
			<CX>14</CX>
			<CY>14</CY>
		</Size>
		<Style_VScroll>false</Style_VScroll>
		<Style_HScroll>false</Style_HScroll>
		<Style_Transparent>false</Style_Transparent>
		<TooltipReference>INVITE</TooltipReference>
		<Style_Checkbox>false</Style_Checkbox>
		<!--<RadioGroup/>-->
		<TextColor>
				<R>150</R>
				<G>255</G>
				<B>30</B>
		</TextColor>
		<ButtonDrawTemplate>
			<Normal>A_InviteBtnNormal</Normal>
			<Pressed>A_InviteBtnPressed</Pressed>
			<Flyby>A_InviteBtnFlyby</Flyby>
			<Disabled>A_GWBtnDisabled</Disabled>
		</ButtonDrawTemplate>
	</Button>

	<Button item = "GW_FollowButton">
		<ScreenID>FollowButton</ScreenID>
		<Font>1</Font>
		<RelativePosition>true</RelativePosition>
		<Location>
			<X>67</X>
			<Y>2</Y>
		</Location>
		<Size>
			<CX>14</CX>
			<CY>14</CY>
		</Size>
		<Style_VScroll>false</Style_VScroll>
		<Style_HScroll>false</Style_HScroll>
		<Style_Transparent>false</Style_Transparent>
		<TooltipReference>ACCEPT</TooltipReference>
		<Style_Checkbox>false</Style_Checkbox>
		<!--<RadioGroup/>-->
		<TextColor>
				<R>150</R>
				<G>255</G>
				<B>30</B>
		</TextColor>
		<ButtonDrawTemplate>
			<Normal>A_FollowBtnNormal</Normal>
			<Pressed>A_FollowBtnPressed</Pressed>
			<Flyby>A_FollowBtnFlyby</Flyby>
			<Disabled>A_GWBtnDisabled</Disabled>
		</ButtonDrawTemplate>
	</Button>	
	
	<Button item = "GW_DisbandButton">
		<ScreenID>DisbandButton</ScreenID>
		<Font>1</Font>
		<RelativePosition>true</RelativePosition>
		<Location>
			<X>82</X>
			<Y>2</Y>
		</Location>
		<Size>
			<CX>14</CX>
			<CY>14</CY>
		</Size>
		<Style_VScroll>false</Style_VScroll>
		<Style_HScroll>false</Style_HScroll>
		<Style_Transparent>false</Style_Transparent>
		<TooltipReference>DISBAND</TooltipReference>
		<Style_Checkbox>false</Style_Checkbox>
		<!--<RadioGroup/>-->
		<ButtonDrawTemplate>
			<Normal>A_DisbandBtnNormal</Normal>
			<Pressed>A_DisbandBtnPressed</Pressed>
			<Flyby>A_DisbandBtnFlyby</Flyby>
			<Disabled>A_GWBtnDisabled</Disabled>
		</ButtonDrawTemplate>
		<TextColor>
				<R>255</R>
				<G>255</G>
				<B>255</B>
		</TextColor>
	</Button>

	<Button item = "GW_DeclineButton">
		<ScreenID>DeclineButton</ScreenID>
		<Font>1</Font>
		<RelativePosition>true</RelativePosition>
		<Location>
			<X>82</X>
			<Y>2</Y>
		</Location>
		<Size>
			<CX>14</CX>
			<CY>14</CY>
		</Size>
		<Style_VScroll>false</Style_VScroll>
		<Style_HScroll>false</Style_HScroll>
		<Style_Transparent>false</Style_Transparent>
		<TooltipReference>REFUSE</TooltipReference>
		<Style_Checkbox>false</Style_Checkbox>
		<!--<RadioGroup/>-->
		<ButtonDrawTemplate>
			<Normal>A_DeclineBtnNormal</Normal>
			<Pressed>A_DeclineBtnPressed</Pressed>
			<Flyby>A_DeclineBtnFlyby</Flyby>
			<Disabled>A_GWBtnDisabled</Disabled>
		</ButtonDrawTemplate>
		<TextColor>
				<R>255</R>
				<G>255</G>
				<B>255</B>
		</TextColor>
	</Button>

  <Ui2DAnimation item="GW_GaugeFill1">
    <Cycle>true</Cycle>
    <Frames>
      <Texture>window_pieces01.tga</Texture>
      <Location>
        <X>-1890</X>
        <Y>20</Y>
      </Location>
      <Size>
        <CX>10000</CX>
        <CY>8</CY>
      </Size>
      <Hotspot>
        <X>0</X>
        <Y>0</Y>
      </Hotspot>
      <Duration>1000</Duration>
    </Frames>
  </Ui2DAnimation>
  <Ui2DAnimation item="GW_GaugeFill2">
    <Cycle>true</Cycle>
    <Frames>
      <Texture>window_pieces01.tga</Texture>
      <Location>
        <X>-3890</X>
        <Y>20</Y>
      </Location>
      <Size>
        <CX>10000</CX>
        <CY>8</CY>
      </Size>
      <Hotspot>
        <X>0</X>
        <Y>0</Y>
      </Hotspot>
      <Duration>1000</Duration>
    </Frames>
  </Ui2DAnimation>
  <Ui2DAnimation item="GW_GaugeFill3">
    <Cycle>true</Cycle>
    <Frames>
      <Texture>window_pieces01.tga</Texture>
      <Location>
        <X>-5890</X>
        <Y>20</Y>
      </Location>
      <Size>
        <CX>10000</CX>
        <CY>8</CY>
      </Size>
      <Hotspot>
        <X>0</X>
        <Y>0</Y>
      </Hotspot>
      <Duration>1000</Duration>
    </Frames>
  </Ui2DAnimation>
  <Ui2DAnimation item="GW_GaugeFill4">
    <Cycle>true</Cycle>
    <Frames>
      <Texture>window_pieces01.tga</Texture>
      <Location>
        <X>-7890</X>
        <Y>20</Y>
      </Location>
      <Size>
        <CX>10000</CX>
        <CY>8</CY>
      </Size>
      <Hotspot>
        <X>0</X>
        <Y>0</Y>
      </Hotspot>
      <Duration>1000</Duration>
    </Frames>
  </Ui2DAnimation>  

	<StaticAnimation item = "GW_Gauge1black">
		<RelativePosition>true</RelativePosition>
		<Location>
			<X>17</X>
			<Y>29</Y>
		</Location>
		<Size>
			<CX>103</CX>
			<CY>10</CY>
		</Size>
		<Animation>Blackline</Animation>
	</StaticAnimation>

	<Gauge item="GW_Gauge1_BlackBgd">
		<ScreenID>TargetHP</ScreenID>
		<Font>2</Font>
		<TextColor>
			<R>240</R>
			<G>240</G>
			<B>240</B>
		</TextColor>
		<RelativePosition>true</RelativePosition>
		<Location>
			<X>18</X>
			<Y>30</Y>
		</Location>
		<Size>
			<CX>100</CX>
			<CY>8</CY>
		</Size>
		<GaugeOffsetY>0</GaugeOffsetY>
		<TextOffsetX>8000</TextOffsetX>
		<TextOffsetY>-1</TextOffsetY>
		<Style_VScroll>false</Style_VScroll>
		<Style_HScroll>false</Style_HScroll>
		<Style_Transparent>false</Style_Transparent>
		<TooltipReference/>
		<FillTint>
			<R>240</R>
			<G>0</G>
			<B>0</B>
		</FillTint>
		<LinesFillTint>
			<R>255</R>
			<G>153</G>
			<B>204</B>
		</LinesFillTint>
		<DrawLinesFill>false</DrawLinesFill>
		<EQType>11</EQType>
		<GaugeDrawTemplate>
			<Background>A_GaugeBackground</Background>
		</GaugeDrawTemplate>
	</Gauge>

  <Gauge item = "GW_Gauge1_Gauge0">
		<RelativePosition>true</RelativePosition>
		<Location>
			<X>18</X>
			<Y>30</Y>
		</Location>
		<Size>
			<CX>100</CX>
			<CY>8</CY>
		</Size>
		<GaugeOffsetX>0</GaugeOffsetX>
		<GaugeOffsetY>0</GaugeOffsetY>
		<Text></Text>
		<TextOffsetY>8000</TextOffsetY>
		<Style_VScroll>false</Style_VScroll>
		<Style_HScroll>false</Style_HScroll>
		<Style_Transparent>false</Style_Transparent>
		<!--<TooltipReference/>-->
		<FillTint>
				<R>240</R>
				<G>0</G>
				<B>0</B>
		</FillTint>
		<LinesFillTint>
				<R>0</R>
				<G>0</G>
				<B>0</B>
		</LinesFillTint>
		<DrawLinesFill>false</DrawLinesFill>
		<EQType>11</EQType>
		<GaugeDrawTemplate>
			<Fill>A_GaugeFill</Fill>
		</GaugeDrawTemplate>
	</Gauge>
	<Gauge item = "GW_Gauge1_Gauge1A">
		<RelativePosition>true</RelativePosition>
		<Location>
			<X>0</X>
			<Y>0</Y>
		</Location>
		<Size>
			<CX>8000</CX>
			<CY>8</CY>
		</Size>
		<GaugeOffsetX>-2000</GaugeOffsetX>
		<GaugeOffsetY>0</GaugeOffsetY>
		<Text></Text>
		<TextOffsetY>8000</TextOffsetY>
		<Style_VScroll>false</Style_VScroll>
		<Style_HScroll>false</Style_HScroll>
		<Style_Transparent>false</Style_Transparent>
		<!--<TooltipReference/>-->
		<FillTint>
				<R>240</R>
				<G>102</G>
				<B>0</B>
		</FillTint>
		<LinesFillTint>
				<R>0</R>
				<G>0</G>
				<B>0</B>
		</LinesFillTint>
		<DrawLinesFill>false</DrawLinesFill>
		<EQType>11</EQType>
		<GaugeDrawTemplate>
			<Fill>GW_GaugeFill1</Fill>
		</GaugeDrawTemplate>
	</Gauge>
	<Screen item="GW_Gauge1_Gauge1A_X">
		<RelativePosition>true</RelativePosition>
		<Location>
			<X>18</X>
			<Y>30</Y>
		</Location>
		<Size>
			<CX>20</CX>
			<CY>8</CY>
		</Size>
		<Style_Transparent>true</Style_Transparent>
		<Pieces>GW_Gauge1_Gauge1A</Pieces>
	</Screen>
	<Gauge item = "GW_Gauge1_Gauge1B">
		<RelativePosition>true</RelativePosition>
		<Location>
			<X>38</X>
			<Y>30</Y>
		</Location>
		<Size>
			<CX>80</CX>
			<CY>8</CY>
		</Size>
		<GaugeOffsetX>-20</GaugeOffsetX>
		<GaugeOffsetY>0</GaugeOffsetY>
		<Text></Text>
		<TextOffsetY>8000</TextOffsetY>
		<Style_VScroll>false</Style_VScroll>
		<Style_HScroll>false</Style_HScroll>
		<Style_Transparent>false</Style_Transparent>
		<!--<TooltipReference/>-->
		<FillTint>
				<R>240</R>
				<G>102</G>
				<B>0</B>
		</FillTint>
		<LinesFillTint>
				<R>0</R>
				<G>0</G>
				<B>0</B>
		</LinesFillTint>
		<DrawLinesFill>false</DrawLinesFill>
		<EQType>11</EQType>
		<GaugeDrawTemplate>
			<Fill>A_GaugeFill</Fill>
		</GaugeDrawTemplate>
	</Gauge>
	<Gauge item = "GW_Gauge1_Gauge2A">
		<RelativePosition>true</RelativePosition>
		<Location>
			<X>0</X>
			<Y>0</Y>
		</Location>
		<Size>
			<CX>6000</CX>
			<CY>8</CY>
		</Size>
		<GaugeOffsetX>-4000</GaugeOffsetX>
		<GaugeOffsetY>0</GaugeOffsetY>
		<Text></Text>
		<TextOffsetY>8000</TextOffsetY>
		<Style_VScroll>false</Style_VScroll>
		<Style_HScroll>false</Style_HScroll>
		<Style_Transparent>false</Style_Transparent>
		<!--<TooltipReference/>-->
		<FillTint>
				<R>240</R>
				<G>240</G>
				<B>0</B>
		</FillTint>
		<LinesFillTint>
				<R>0</R>
				<G>0</G>
				<B>0</B>
		</LinesFillTint>
		<DrawLinesFill>false</DrawLinesFill>
		<EQType>11</EQType>
		<GaugeDrawTemplate>
			<Fill>GW_GaugeFill2</Fill>
		</GaugeDrawTemplate>
	</Gauge>
	<Screen item="GW_Gauge1_Gauge2A_X">
		<RelativePosition>true</RelativePosition>
		<Location>
			<X>18</X>
			<Y>30</Y>
		</Location>
		<Size>
			<CX>40</CX>
			<CY>8</CY>
		</Size>
		<Style_Transparent>true</Style_Transparent>
		<Pieces>GW_Gauge1_Gauge2A</Pieces>
	</Screen>
	<Gauge item = "GW_Gauge1_Gauge2B">
		<RelativePosition>true</RelativePosition>
		<Location>
			<X>58</X>
			<Y>30</Y>
		</Location>
		<Size>
			<CX>60</CX>
			<CY>8</CY>
		</Size>
		<GaugeOffsetX>-40</GaugeOffsetX>
		<GaugeOffsetY>0</GaugeOffsetY>
		<Text></Text>
		<TextOffsetY>8000</TextOffsetY>
		<Style_VScroll>false</Style_VScroll>
		<Style_HScroll>false</Style_HScroll>
		<Style_Transparent>false</Style_Transparent>
		<!--<TooltipReference/>-->
		<FillTint>
				<R>240</R>
				<G>240</G>
				<B>0</B>
		</FillTint>
		<LinesFillTint>
				<R>0</R>
				<G>0</G>
				<B>0</B>
		</LinesFillTint>
		<DrawLinesFill>false</DrawLinesFill>
		<EQType>11</EQType>
		<GaugeDrawTemplate>
			<Fill>A_GaugeFill</Fill>
		</GaugeDrawTemplate>
	</Gauge>
	<Gauge item = "GW_Gauge1_Gauge3A">
		<RelativePosition>true</RelativePosition>
		<Location>
			<X>0</X>
			<Y>0</Y>
		</Location>
		<Size>
			<CX>4000</CX>
			<CY>8</CY>
		</Size>
		<GaugeOffsetX>-6000</GaugeOffsetX>
		<GaugeOffsetY>0</GaugeOffsetY>
		<Text></Text>
		<TextOffsetY>8000</TextOffsetY>
		<Style_VScroll>false</Style_VScroll>
		<Style_HScroll>false</Style_HScroll>
		<Style_Transparent>false</Style_Transparent>
		<!--<TooltipReference/>-->
		<FillTint>
				<R>173</R>
				<G>255</G>
				<B>47</B>
		</FillTint>
		<LinesFillTint>
				<R>0</R>
				<G>0</G>
				<B>0</B>
		</LinesFillTint>
		<DrawLinesFill>false</DrawLinesFill>
		<EQType>11</EQType>
		<GaugeDrawTemplate>
			<Fill>GW_GaugeFill3</Fill>
		</GaugeDrawTemplate>
	</Gauge>
	<Screen item="GW_Gauge1_Gauge3A_X">
		<RelativePosition>true</RelativePosition>
		<Location>
			<X>18</X>
			<Y>30</Y>
		</Location>
		<Size>
			<CX>60</CX>
			<CY>8</CY>
		</Size>
		<Style_Transparent>true</Style_Transparent>
		<Pieces>GW_Gauge1_Gauge3A</Pieces>
	</Screen>
	<Gauge item = "GW_Gauge1_Gauge3B">
		<RelativePosition>true</RelativePosition>
		<Location>
			<X>78</X>
			<Y>30</Y>
		</Location>
		<Size>
			<CX>40</CX>
			<CY>8</CY>
		</Size>
		<GaugeOffsetX>-60</GaugeOffsetX>
		<GaugeOffsetY>0</GaugeOffsetY>
		<Text></Text>
		<TextOffsetY>8000</TextOffsetY>
		<Style_VScroll>false</Style_VScroll>
		<Style_HScroll>false</Style_HScroll>
		<Style_Transparent>false</Style_Transparent>
		<!--<TooltipReference/>-->
		<FillTint>
				<R>173</R>
				<G>255</G>
				<B>47</B>
		</FillTint>
		<LinesFillTint>
				<R>0</R>
				<G>0</G>
				<B>0</B>
		</LinesFillTint>
		<DrawLinesFill>false</DrawLinesFill>
		<EQType>11</EQType>
		<GaugeDrawTemplate>
			<Fill>A_GaugeFill</Fill>
		</GaugeDrawTemplate>
	</Gauge>
	<Gauge item = "GW_Gauge1_Gauge4A">
		<RelativePosition>true</RelativePosition>
		<Location>
			<X>0</X>
			<Y>0</Y>
		</Location>
		<Size>
			<CX>2000</CX>
			<CY>8</CY>
		</Size>
		<GaugeOffsetX>-8000</GaugeOffsetX>
		<GaugeOffsetY>0</GaugeOffsetY>
		<Text></Text>
		<TextOffsetY>8000</TextOffsetY>
		<Style_VScroll>false</Style_VScroll>
		<Style_HScroll>false</Style_HScroll>
		<Style_Transparent>false</Style_Transparent>
		<!--<TooltipReference/>-->
		<FillTint>
				<R>0</R>
				<G>240</G>
				<B>0</B>
		</FillTint>
		<LinesFillTint>
				<R>0</R>
				<G>0</G>
				<B>0</B>
		</LinesFillTint>
		<DrawLinesFill>false</DrawLinesFill>
		<EQType>11</EQType>
		<GaugeDrawTemplate>
			<Fill>GW_GaugeFill4</Fill>
		</GaugeDrawTemplate>
	</Gauge>
	<Screen item="GW_Gauge1_Gauge4A_X">
		<RelativePosition>true</RelativePosition>
		<Location>
			<X>18</X>
			<Y>30</Y>
		</Location>
		<Size>
			<CX>80</CX>
			<CY>8</CY>
		</Size>
		<Style_Transparent>true</Style_Transparent>
		<Pieces>GW_Gauge1_Gauge4A</Pieces>
	</Screen>
	<Gauge item = "GW_Gauge1_Gauge4B">
		<RelativePosition>true</RelativePosition>
		<Location>
			<X>98</X>
			<Y>30</Y>
		</Location>
		<Size>
			<CX>20</CX>
			<CY>8</CY>
		</Size>
		<GaugeOffsetX>-80</GaugeOffsetX>
		<GaugeOffsetY>0</GaugeOffsetY>
		<Text></Text>
		<TextOffsetY>8000</TextOffsetY>
		<Style_VScroll>false</Style_VScroll>
		<Style_HScroll>false</Style_HScroll>
		<Style_Transparent>false</Style_Transparent>
		<!--<TooltipReference/>-->
		<FillTint>
				<R>0</R>
				<G>240</G>
				<B>0</B>
		</FillTint>
		<LinesFillTint>
				<R>0</R>
				<G>0</G>
				<B>0</B>
		</LinesFillTint>
		<DrawLinesFill>false</DrawLinesFill>
		<EQType>11</EQType>
		<GaugeDrawTemplate>
			<Fill>A_GaugeFill</Fill>
		</GaugeDrawTemplate>
	</Gauge>

	<Gauge item = "GW_Gauge1">
		<ScreenID>Gauge1</ScreenID>
		<Font>2</Font>
		<TextColor>
				<R>240</R>
				<G>240</G>
				<B>240</B>
		</TextColor>
		<RelativePosition>true</RelativePosition>
		<Location>
			<X>3</X>
			<Y>14</Y>
		</Location>
		<Size>
			<CX>115</CX>
			<CY>24</CY>
		</Size>
		<TextOffsetX>15</TextOffsetX>
		<TextOffsetY>3</TextOffsetY>
		<Style_VScroll>false</Style_VScroll>
		<Style_HScroll>false</Style_HScroll>
		<Style_Transparent>true</Style_Transparent>
		<!--<TooltipReference/>-->
		<FillTint>
				<R>220</R>
				<G>0</G>
				<B>0</B>
		</FillTint>
		<LinesFillTint>
				<R>220</R>
				<G>220</G>
				<B>0</B>
		</LinesFillTint>
		<DrawLinesFill>false</DrawLinesFill>
		<EQType>11</EQType>
		<GaugeDrawTemplate>
			<Lines>A_GaugeLines</Lines>
			<LinesFill>A_GaugeLinesFill</LinesFill>
			<EndCapLeft>A_F2image</EndCapLeft>
		</GaugeDrawTemplate>
	</Gauge>

	<Gauge item = "GW_PetGauge1">
		<ScreenID>PetGauge1</ScreenID>
		<!--<Font>3</Font>-->
		<TextColor>
				<R>240</R>
				<G>240</G>
				<B>240</B>
		</TextColor>
		<RelativePosition>true</RelativePosition>
		<Location>
			<X>18</X>
			<Y>36</Y>
		</Location>
		<Size>
			<CX>100</CX>
			<CY>2</CY>
		</Size>
		<TextOffsetY>-50</TextOffsetY>
		<GaugeOffsetY>0</GaugeOffsetY>
		<Style_VScroll>false</Style_VScroll>
		<Style_HScroll>false</Style_HScroll>
		<Style_Transparent>false</Style_Transparent>
		<!--<TooltipReference/>-->
		<FillTint>
				<R>255</R>
				<G>20</G>
				<B>147</B>
		</FillTint>
		<LinesFillTint>
				<R>0</R>
				<G>0</G>
				<B>0</B>
		</LinesFillTint>
		<DrawLinesFill>false</DrawLinesFill>
		<EQType>17</EQType>
		<GaugeDrawTemplate>
			<Fill>A_GaugeFill</Fill>
		</GaugeDrawTemplate>
	</Gauge>

	<StaticAnimation item = "GW_Gauge2black">
		<RelativePosition>true</RelativePosition>
		<Location>
			<X>17</X>
			<Y>50</Y>
		</Location>
		<Size>
			<CX>103</CX>
			<CY>10</CY>
		</Size>
		<Animation>Blackline</Animation>
	</StaticAnimation>	

	<Gauge item="GW_Gauge2_BlackBgd">
		<ScreenID>TargetHP</ScreenID>
		<Font>2</Font>
		<TextColor>
			<R>240</R>
			<G>240</G>
			<B>240</B>
		</TextColor>
		<RelativePosition>true</RelativePosition>
		<Location>
			<X>18</X>
			<Y>51</Y>
		</Location>
		<Size>
			<CX>100</CX>
			<CY>8</CY>
		</Size>
		<GaugeOffsetY>0</GaugeOffsetY>
		<TextOffsetX>8000</TextOffsetX>
		<TextOffsetY>-1</TextOffsetY>
		<Style_VScroll>false</Style_VScroll>
		<Style_HScroll>false</Style_HScroll>
		<Style_Transparent>false</Style_Transparent>
		<TooltipReference/>
		<FillTint>
			<R>240</R>
			<G>0</G>
			<B>0</B>
		</FillTint>
		<LinesFillTint>
			<R>255</R>
			<G>153</G>
			<B>204</B>
		</LinesFillTint>
		<DrawLinesFill>false</DrawLinesFill>
		<EQType>12</EQType>
		<GaugeDrawTemplate>
			<Background>A_GaugeBackground</Background>
		</GaugeDrawTemplate>
	</Gauge>

  <Gauge item = "GW_Gauge2_Gauge0">
		<RelativePosition>true</RelativePosition>
		<Location>
			<X>18</X>
			<Y>51</Y>
		</Location>
		<Size>
			<CX>100</CX>
			<CY>8</CY>
		</Size>
		<GaugeOffsetX>0</GaugeOffsetX>
		<GaugeOffsetY>0</GaugeOffsetY>
		<Text></Text>
		<TextOffsetY>8000</TextOffsetY>
		<Style_VScroll>false</Style_VScroll>
		<Style_HScroll>false</Style_HScroll>
		<Style_Transparent>false</Style_Transparent>
		<!--<TooltipReference/>-->
		<FillTint>
				<R>240</R>
				<G>0</G>
				<B>0</B>
		</FillTint>
		<LinesFillTint>
				<R>0</R>
				<G>0</G>
				<B>0</B>
		</LinesFillTint>
		<DrawLinesFill>false</DrawLinesFill>
		<EQType>12</EQType>
		<GaugeDrawTemplate>
			<Fill>A_GaugeFill</Fill>
		</GaugeDrawTemplate>
	</Gauge>
	<Gauge item = "GW_Gauge2_Gauge1A">
		<RelativePosition>true</RelativePosition>
		<Location>
			<X>0</X>
			<Y>0</Y>
		</Location>
		<Size>
			<CX>8000</CX>
			<CY>8</CY>
		</Size>
		<GaugeOffsetX>-2000</GaugeOffsetX>
		<GaugeOffsetY>0</GaugeOffsetY>
		<Text></Text>
		<TextOffsetY>8000</TextOffsetY>
		<Style_VScroll>false</Style_VScroll>
		<Style_HScroll>false</Style_HScroll>
		<Style_Transparent>false</Style_Transparent>
		<!--<TooltipReference/>-->
		<FillTint>
				<R>240</R>
				<G>102</G>
				<B>0</B>
		</FillTint>
		<LinesFillTint>
				<R>0</R>
				<G>0</G>
				<B>0</B>
		</LinesFillTint>
		<DrawLinesFill>false</DrawLinesFill>
		<EQType>12</EQType>
		<GaugeDrawTemplate>
			<Fill>GW_GaugeFill1</Fill>
		</GaugeDrawTemplate>
	</Gauge>
	<Screen item="GW_Gauge2_Gauge1A_X">
		<RelativePosition>true</RelativePosition>
		<Location>
			<X>18</X>
			<Y>51</Y>
		</Location>
		<Size>
			<CX>20</CX>
			<CY>8</CY>
		</Size>
		<Style_Transparent>true</Style_Transparent>
		<Pieces>GW_Gauge2_Gauge1A</Pieces>
	</Screen>
	<Gauge item = "GW_Gauge2_Gauge1B">
		<RelativePosition>true</RelativePosition>
		<Location>
			<X>38</X>
			<Y>51</Y>
		</Location>
		<Size>
			<CX>80</CX>
			<CY>8</CY>
		</Size>
		<GaugeOffsetX>-20</GaugeOffsetX>
		<GaugeOffsetY>0</GaugeOffsetY>
		<Text></Text>
		<TextOffsetY>8000</TextOffsetY>
		<Style_VScroll>false</Style_VScroll>
		<Style_HScroll>false</Style_HScroll>
		<Style_Transparent>false</Style_Transparent>
		<!--<TooltipReference/>-->
		<FillTint>
				<R>240</R>
				<G>102</G>
				<B>0</B>
		</FillTint>
		<LinesFillTint>
				<R>0</R>
				<G>0</G>
				<B>0</B>
		</LinesFillTint>
		<DrawLinesFill>false</DrawLinesFill>
		<EQType>12</EQType>
		<GaugeDrawTemplate>
			<Fill>A_GaugeFill</Fill>
		</GaugeDrawTemplate>
	</Gauge>
	<Gauge item = "GW_Gauge2_Gauge2A">
		<RelativePosition>true</RelativePosition>
		<Location>
			<X>0</X>
			<Y>0</Y>
		</Location>
		<Size>
			<CX>6000</CX>
			<CY>8</CY>
		</Size>
		<GaugeOffsetX>-4000</GaugeOffsetX>
		<GaugeOffsetY>0</GaugeOffsetY>
		<Text></Text>
		<TextOffsetY>8000</TextOffsetY>
		<Style_VScroll>false</Style_VScroll>
		<Style_HScroll>false</Style_HScroll>
		<Style_Transparent>false</Style_Transparent>
		<!--<TooltipReference/>-->
		<FillTint>
				<R>240</R>
				<G>240</G>
				<B>0</B>
		</FillTint>
		<LinesFillTint>
				<R>0</R>
				<G>0</G>
				<B>0</B>
		</LinesFillTint>
		<DrawLinesFill>false</DrawLinesFill>
		<EQType>12</EQType>
		<GaugeDrawTemplate>
			<Fill>GW_GaugeFill2</Fill>
		</GaugeDrawTemplate>
	</Gauge>
	<Screen item="GW_Gauge2_Gauge2A_X">
		<RelativePosition>true</RelativePosition>
		<Location>
			<X>18</X>
			<Y>51</Y>
		</Location>
		<Size>
			<CX>40</CX>
			<CY>8</CY>
		</Size>
		<Style_Transparent>true</Style_Transparent>
		<Pieces>GW_Gauge2_Gauge2A</Pieces>
	</Screen>
	<Gauge item = "GW_Gauge2_Gauge2B">
		<RelativePosition>true</RelativePosition>
		<Location>
			<X>58</X>
			<Y>51</Y>
		</Location>
		<Size>
			<CX>60</CX>
			<CY>8</CY>
		</Size>
		<GaugeOffsetX>-40</GaugeOffsetX>
		<GaugeOffsetY>0</GaugeOffsetY>
		<Text></Text>
		<TextOffsetY>8000</TextOffsetY>
		<Style_VScroll>false</Style_VScroll>
		<Style_HScroll>false</Style_HScroll>
		<Style_Transparent>false</Style_Transparent>
		<!--<TooltipReference/>-->
		<FillTint>
				<R>240</R>
				<G>240</G>
				<B>0</B>
		</FillTint>
		<LinesFillTint>
				<R>0</R>
				<G>0</G>
				<B>0</B>
		</LinesFillTint>
		<DrawLinesFill>false</DrawLinesFill>
		<EQType>12</EQType>
		<GaugeDrawTemplate>
			<Fill>A_GaugeFill</Fill>
		</GaugeDrawTemplate>
	</Gauge>
	<Gauge item = "GW_Gauge2_Gauge3A">
		<RelativePosition>true</RelativePosition>
		<Location>
			<X>0</X>
			<Y>0</Y>
		</Location>
		<Size>
			<CX>4000</CX>
			<CY>8</CY>
		</Size>
		<GaugeOffsetX>-6000</GaugeOffsetX>
		<GaugeOffsetY>0</GaugeOffsetY>
		<Text></Text>
		<TextOffsetY>8000</TextOffsetY>
		<Style_VScroll>false</Style_VScroll>
		<Style_HScroll>false</Style_HScroll>
		<Style_Transparent>false</Style_Transparent>
		<!--<TooltipReference/>-->
		<FillTint>
				<R>173</R>
				<G>255</G>
				<B>47</B>
		</FillTint>
		<LinesFillTint>
				<R>0</R>
				<G>0</G>
				<B>0</B>
		</LinesFillTint>
		<DrawLinesFill>false</DrawLinesFill>
		<EQType>12</EQType>
		<GaugeDrawTemplate>
			<Fill>GW_GaugeFill3</Fill>
		</GaugeDrawTemplate>
	</Gauge>
	<Screen item="GW_Gauge2_Gauge3A_X">
		<RelativePosition>true</RelativePosition>
		<Location>
			<X>18</X>
			<Y>51</Y>
		</Location>
		<Size>
			<CX>60</CX>
			<CY>8</CY>
		</Size>
		<Style_Transparent>true</Style_Transparent>
		<Pieces>GW_Gauge2_Gauge3A</Pieces>
	</Screen>
	<Gauge item = "GW_Gauge2_Gauge3B">
		<RelativePosition>true</RelativePosition>
		<Location>
			<X>78</X>
			<Y>51</Y>
		</Location>
		<Size>
			<CX>40</CX>
			<CY>8</CY>
		</Size>
		<GaugeOffsetX>-60</GaugeOffsetX>
		<GaugeOffsetY>0</GaugeOffsetY>
		<Text></Text>
		<TextOffsetY>8000</TextOffsetY>
		<Style_VScroll>false</Style_VScroll>
		<Style_HScroll>false</Style_HScroll>
		<Style_Transparent>false</Style_Transparent>
		<!--<TooltipReference/>-->
		<FillTint>
				<R>173</R>
				<G>255</G>
				<B>47</B>
		</FillTint>
		<LinesFillTint>
				<R>0</R>
				<G>0</G>
				<B>0</B>
		</LinesFillTint>
		<DrawLinesFill>false</DrawLinesFill>
		<EQType>12</EQType>
		<GaugeDrawTemplate>
			<Fill>A_GaugeFill</Fill>
		</GaugeDrawTemplate>
	</Gauge>
	<Gauge item = "GW_Gauge2_Gauge4A">
		<RelativePosition>true</RelativePosition>
		<Location>
			<X>0</X>
			<Y>0</Y>
		</Location>
		<Size>
			<CX>2000</CX>
			<CY>8</CY>
		</Size>
		<GaugeOffsetX>-8000</GaugeOffsetX>
		<GaugeOffsetY>0</GaugeOffsetY>
		<Text></Text>
		<TextOffsetY>8000</TextOffsetY>
		<Style_VScroll>false</Style_VScroll>
		<Style_HScroll>false</Style_HScroll>
		<Style_Transparent>false</Style_Transparent>
		<!--<TooltipReference/>-->
		<FillTint>
				<R>0</R>
				<G>240</G>
				<B>0</B>
		</FillTint>
		<LinesFillTint>
				<R>0</R>
				<G>0</G>
				<B>0</B>
		</LinesFillTint>
		<DrawLinesFill>false</DrawLinesFill>
		<EQType>12</EQType>
		<GaugeDrawTemplate>
			<Fill>GW_GaugeFill4</Fill>
		</GaugeDrawTemplate>
	</Gauge>
	<Screen item="GW_Gauge2_Gauge4A_X">
		<RelativePosition>true</RelativePosition>
		<Location>
			<X>18</X>
			<Y>51</Y>
		</Location>
		<Size>
			<CX>80</CX>
			<CY>8</CY>
		</Size>
		<Style_Transparent>true</Style_Transparent>
		<Pieces>GW_Gauge2_Gauge4A</Pieces>
	</Screen>
	<Gauge item = "GW_Gauge2_Gauge4B">
		<RelativePosition>true</RelativePosition>
		<Location>
			<X>98</X>
			<Y>51</Y>
		</Location>
		<Size>
			<CX>20</CX>
			<CY>8</CY>
		</Size>
		<GaugeOffsetX>-80</GaugeOffsetX>
		<GaugeOffsetY>0</GaugeOffsetY>
		<Text></Text>
		<TextOffsetY>8000</TextOffsetY>
		<Style_VScroll>false</Style_VScroll>
		<Style_HScroll>false</Style_HScroll>
		<Style_Transparent>false</Style_Transparent>
		<!--<TooltipReference/>-->
		<FillTint>
				<R>0</R>
				<G>240</G>
				<B>0</B>
		</FillTint>
		<LinesFillTint>
				<R>0</R>
				<G>0</G>
				<B>0</B>
		</LinesFillTint>
		<DrawLinesFill>false</DrawLinesFill>
		<EQType>12</EQType>
		<GaugeDrawTemplate>
			<Fill>A_GaugeFill</Fill>
		</GaugeDrawTemplate>
	</Gauge>

	<Gauge item = "GW_Gauge2">
		<ScreenID>Gauge2</ScreenID>
		<Font>2</Font>
		<TextColor>
				<R>240</R>
				<G>240</G>
				<B>240</B>
		</TextColor>
		<RelativePosition>true</RelativePosition>
		<Location>
			<X>3</X>
			<Y>35</Y>
		</Location>
		<Size>
			<CX>115</CX>
			<CY>24</CY>
		</Size>
		<TextOffsetX>15</TextOffsetX>
		<TextOffsetY>3</TextOffsetY>
		<Style_VScroll>false</Style_VScroll>
		<Style_HScroll>false</Style_HScroll>
		<Style_Transparent>true</Style_Transparent>
		<!--<TooltipReference/>-->
		<FillTint>
				<R>220</R>
				<G>0</G>
				<B>0</B>
		</FillTint>
		<LinesFillTint>
				<R>220</R>
				<G>220</G>
				<B>0</B>
		</LinesFillTint>
		<DrawLinesFill>false</DrawLinesFill>
		<EQType>12</EQType>
		<GaugeDrawTemplate>
			<Lines>A_GaugeLines</Lines>
			<LinesFill>A_GaugeLinesFill</LinesFill>
			<EndCapLeft>A_F3image</EndCapLeft>
		</GaugeDrawTemplate>
	</Gauge>

	<Gauge item = "GW_PetGauge2">
		<ScreenID>PetGauge2</ScreenID>
		<!--<Font>3</Font>-->
		<TextColor>
				<R>240</R>
				<G>240</G>
				<B>240</B>
		</TextColor>
		<RelativePosition>true</RelativePosition>
		<Location>
			<X>18</X>
			<Y>57</Y>
		</Location>
		<Size>
			<CX>100</CX>
			<CY>2</CY>
		</Size>
		<TextOffsetY>-50</TextOffsetY>
		<GaugeOffsetY>0</GaugeOffsetY>
		<Style_VScroll>false</Style_VScroll>
		<Style_HScroll>false</Style_HScroll>
		<Style_Transparent>false</Style_Transparent>
		<!--<TooltipReference/>-->
		<FillTint>
				<R>255</R>
				<G>20</G>
				<B>147</B>
		</FillTint>
		<LinesFillTint>
				<R>0</R>
				<G>0</G>
				<B>0</B>
		</LinesFillTint>
		<DrawLinesFill>false</DrawLinesFill>
		<EQType>18</EQType>
		<GaugeDrawTemplate>
			<Fill>A_GaugeFill</Fill>
		</GaugeDrawTemplate>
	</Gauge>
  
	<StaticAnimation item = "GW_Gauge3black">
		<RelativePosition>true</RelativePosition>
		<Location>
			<X>17</X>
			<Y>71</Y>
		</Location>
		<Size>
			<CX>103</CX>
			<CY>10</CY>
		</Size>
		<Animation>Blackline</Animation>
	</StaticAnimation>

	<Gauge item="GW_Gauge3_BlackBgd">
		<ScreenID>TargetHP</ScreenID>
		<Font>2</Font>
		<TextColor>
			<R>240</R>
			<G>240</G>
			<B>240</B>
		</TextColor>
		<RelativePosition>true</RelativePosition>
		<Location>
			<X>18</X>
			<Y>72</Y>
		</Location>
		<Size>
			<CX>100</CX>
			<CY>8</CY>
		</Size>
		<GaugeOffsetY>0</GaugeOffsetY>
		<TextOffsetX>8000</TextOffsetX>
		<TextOffsetY>-1</TextOffsetY>
		<Style_VScroll>false</Style_VScroll>
		<Style_HScroll>false</Style_HScroll>
		<Style_Transparent>false</Style_Transparent>
		<TooltipReference/>
		<FillTint>
			<R>240</R>
			<G>0</G>
			<B>0</B>
		</FillTint>
		<LinesFillTint>
			<R>255</R>
			<G>153</G>
			<B>204</B>
		</LinesFillTint>
		<DrawLinesFill>false</DrawLinesFill>
		<EQType>13</EQType>
		<GaugeDrawTemplate>
			<Background>A_GaugeBackground</Background>
		</GaugeDrawTemplate>
	</Gauge>

  <Gauge item = "GW_Gauge3_Gauge0">
		<RelativePosition>true</RelativePosition>
		<Location>
			<X>18</X>
			<Y>72</Y>
		</Location>
		<Size>
			<CX>100</CX>
			<CY>8</CY>
		</Size>
		<GaugeOffsetX>0</GaugeOffsetX>
		<GaugeOffsetY>0</GaugeOffsetY>
		<Text></Text>
		<TextOffsetY>8000</TextOffsetY>
		<Style_VScroll>false</Style_VScroll>
		<Style_HScroll>false</Style_HScroll>
		<Style_Transparent>false</Style_Transparent>
		<!--<TooltipReference/>-->
		<FillTint>
				<R>240</R>
				<G>0</G>
				<B>0</B>
		</FillTint>
		<LinesFillTint>
				<R>0</R>
				<G>0</G>
				<B>0</B>
		</LinesFillTint>
		<DrawLinesFill>false</DrawLinesFill>
		<EQType>13</EQType>
		<GaugeDrawTemplate>
			<Fill>A_GaugeFill</Fill>
		</GaugeDrawTemplate>
	</Gauge>
	<Gauge item = "GW_Gauge3_Gauge1A">
		<RelativePosition>true</RelativePosition>
		<Location>
			<X>0</X>
			<Y>0</Y>
		</Location>
		<Size>
			<CX>8000</CX>
			<CY>8</CY>
		</Size>
		<GaugeOffsetX>-2000</GaugeOffsetX>
		<GaugeOffsetY>0</GaugeOffsetY>
		<Text></Text>
		<TextOffsetY>8000</TextOffsetY>
		<Style_VScroll>false</Style_VScroll>
		<Style_HScroll>false</Style_HScroll>
		<Style_Transparent>false</Style_Transparent>
		<!--<TooltipReference/>-->
		<FillTint>
				<R>240</R>
				<G>102</G>
				<B>0</B>
		</FillTint>
		<LinesFillTint>
				<R>0</R>
				<G>0</G>
				<B>0</B>
		</LinesFillTint>
		<DrawLinesFill>false</DrawLinesFill>
		<EQType>13</EQType>
		<GaugeDrawTemplate>
			<Fill>GW_GaugeFill1</Fill>
		</GaugeDrawTemplate>
	</Gauge>
	<Screen item="GW_Gauge3_Gauge1A_X">
		<RelativePosition>true</RelativePosition>
		<Location>
			<X>18</X>
			<Y>72</Y>
		</Location>
		<Size>
			<CX>20</CX>
			<CY>8</CY>
		</Size>
		<Style_Transparent>true</Style_Transparent>
		<Pieces>GW_Gauge3_Gauge1A</Pieces>
	</Screen>
	<Gauge item = "GW_Gauge3_Gauge1B">
		<RelativePosition>true</RelativePosition>
		<Location>
			<X>38</X>
			<Y>72</Y>
		</Location>
		<Size>
			<CX>80</CX>
			<CY>8</CY>
		</Size>
		<GaugeOffsetX>-20</GaugeOffsetX>
		<GaugeOffsetY>0</GaugeOffsetY>
		<Text></Text>
		<TextOffsetY>8000</TextOffsetY>
		<Style_VScroll>false</Style_VScroll>
		<Style_HScroll>false</Style_HScroll>
		<Style_Transparent>false</Style_Transparent>
		<!--<TooltipReference/>-->
		<FillTint>
				<R>240</R>
				<G>102</G>
				<B>0</B>
		</FillTint>
		<LinesFillTint>
				<R>0</R>
				<G>0</G>
				<B>0</B>
		</LinesFillTint>
		<DrawLinesFill>false</DrawLinesFill>
		<EQType>13</EQType>
		<GaugeDrawTemplate>
			<Fill>A_GaugeFill</Fill>
		</GaugeDrawTemplate>
	</Gauge>
	<Gauge item = "GW_Gauge3_Gauge2A">
		<RelativePosition>true</RelativePosition>
		<Location>
			<X>0</X>
			<Y>0</Y>
		</Location>
		<Size>
			<CX>6000</CX>
			<CY>8</CY>
		</Size>
		<GaugeOffsetX>-4000</GaugeOffsetX>
		<GaugeOffsetY>0</GaugeOffsetY>
		<Text></Text>
		<TextOffsetY>8000</TextOffsetY>
		<Style_VScroll>false</Style_VScroll>
		<Style_HScroll>false</Style_HScroll>
		<Style_Transparent>false</Style_Transparent>
		<!--<TooltipReference/>-->
		<FillTint>
				<R>240</R>
				<G>240</G>
				<B>0</B>
		</FillTint>
		<LinesFillTint>
				<R>0</R>
				<G>0</G>
				<B>0</B>
		</LinesFillTint>
		<DrawLinesFill>false</DrawLinesFill>
		<EQType>13</EQType>
		<GaugeDrawTemplate>
			<Fill>GW_GaugeFill2</Fill>
		</GaugeDrawTemplate>
	</Gauge>
	<Screen item="GW_Gauge3_Gauge2A_X">
		<RelativePosition>true</RelativePosition>
		<Location>
			<X>18</X>
			<Y>72</Y>
		</Location>
		<Size>
			<CX>40</CX>
			<CY>8</CY>
		</Size>
		<Style_Transparent>true</Style_Transparent>
		<Pieces>GW_Gauge3_Gauge2A</Pieces>
	</Screen>
	<Gauge item = "GW_Gauge3_Gauge2B">
		<RelativePosition>true</RelativePosition>
		<Location>
			<X>58</X>
			<Y>72</Y>
		</Location>
		<Size>
			<CX>60</CX>
			<CY>8</CY>
		</Size>
		<GaugeOffsetX>-40</GaugeOffsetX>
		<GaugeOffsetY>0</GaugeOffsetY>
		<Text></Text>
		<TextOffsetY>8000</TextOffsetY>
		<Style_VScroll>false</Style_VScroll>
		<Style_HScroll>false</Style_HScroll>
		<Style_Transparent>false</Style_Transparent>
		<!--<TooltipReference/>-->
		<FillTint>
				<R>240</R>
				<G>240</G>
				<B>0</B>
		</FillTint>
		<LinesFillTint>
				<R>0</R>
				<G>0</G>
				<B>0</B>
		</LinesFillTint>
		<DrawLinesFill>false</DrawLinesFill>
		<EQType>13</EQType>
		<GaugeDrawTemplate>
			<Fill>A_GaugeFill</Fill>
		</GaugeDrawTemplate>
	</Gauge>
	<Gauge item = "GW_Gauge3_Gauge3A">
		<RelativePosition>true</RelativePosition>
		<Location>
			<X>0</X>
			<Y>0</Y>
		</Location>
		<Size>
			<CX>4000</CX>
			<CY>8</CY>
		</Size>
		<GaugeOffsetX>-6000</GaugeOffsetX>
		<GaugeOffsetY>0</GaugeOffsetY>
		<Text></Text>
		<TextOffsetY>8000</TextOffsetY>
		<Style_VScroll>false</Style_VScroll>
		<Style_HScroll>false</Style_HScroll>
		<Style_Transparent>false</Style_Transparent>
		<!--<TooltipReference/>-->
		<FillTint>
				<R>173</R>
				<G>255</G>
				<B>47</B>
		</FillTint>
		<LinesFillTint>
				<R>0</R>
				<G>0</G>
				<B>0</B>
		</LinesFillTint>
		<DrawLinesFill>false</DrawLinesFill>
		<EQType>13</EQType>
		<GaugeDrawTemplate>
			<Fill>GW_GaugeFill3</Fill>
		</GaugeDrawTemplate>
	</Gauge>
	<Screen item="GW_Gauge3_Gauge3A_X">
		<RelativePosition>true</RelativePosition>
		<Location>
			<X>18</X>
			<Y>72</Y>
		</Location>
		<Size>
			<CX>60</CX>
			<CY>8</CY>
		</Size>
		<Style_Transparent>true</Style_Transparent>
		<Pieces>GW_Gauge3_Gauge3A</Pieces>
	</Screen>
	<Gauge item = "GW_Gauge3_Gauge3B">
		<RelativePosition>true</RelativePosition>
		<Location>
			<X>78</X>
			<Y>72</Y>
		</Location>
		<Size>
			<CX>40</CX>
			<CY>8</CY>
		</Size>
		<GaugeOffsetX>-60</GaugeOffsetX>
		<GaugeOffsetY>0</GaugeOffsetY>
		<Text></Text>
		<TextOffsetY>8000</TextOffsetY>
		<Style_VScroll>false</Style_VScroll>
		<Style_HScroll>false</Style_HScroll>
		<Style_Transparent>false</Style_Transparent>
		<!--<TooltipReference/>-->
		<FillTint>
				<R>173</R>
				<G>255</G>
				<B>47</B>
		</FillTint>
		<LinesFillTint>
				<R>0</R>
				<G>0</G>
				<B>0</B>
		</LinesFillTint>
		<DrawLinesFill>false</DrawLinesFill>
		<EQType>13</EQType>
		<GaugeDrawTemplate>
			<Fill>A_GaugeFill</Fill>
		</GaugeDrawTemplate>
	</Gauge>
	<Gauge item = "GW_Gauge3_Gauge4A">
		<RelativePosition>true</RelativePosition>
		<Location>
			<X>0</X>
			<Y>0</Y>
		</Location>
		<Size>
			<CX>2000</CX>
			<CY>8</CY>
		</Size>
		<GaugeOffsetX>-8000</GaugeOffsetX>
		<GaugeOffsetY>0</GaugeOffsetY>
		<Text></Text>
		<TextOffsetY>8000</TextOffsetY>
		<Style_VScroll>false</Style_VScroll>
		<Style_HScroll>false</Style_HScroll>
		<Style_Transparent>false</Style_Transparent>
		<!--<TooltipReference/>-->
		<FillTint>
				<R>0</R>
				<G>240</G>
				<B>0</B>
		</FillTint>
		<LinesFillTint>
				<R>0</R>
				<G>0</G>
				<B>0</B>
		</LinesFillTint>
		<DrawLinesFill>false</DrawLinesFill>
		<EQType>13</EQType>
		<GaugeDrawTemplate>
			<Fill>GW_GaugeFill4</Fill>
		</GaugeDrawTemplate>
	</Gauge>
	<Screen item="GW_Gauge3_Gauge4A_X">
		<RelativePosition>true</RelativePosition>
		<Location>
			<X>18</X>
			<Y>72</Y>
		</Location>
		<Size>
			<CX>80</CX>
			<CY>8</CY>
		</Size>
		<Style_Transparent>true</Style_Transparent>
		<Pieces>GW_Gauge3_Gauge4A</Pieces>
	</Screen>
	<Gauge item = "GW_Gauge3_Gauge4B">
		<RelativePosition>true</RelativePosition>
		<Location>
			<X>98</X>
			<Y>72</Y>
		</Location>
		<Size>
			<CX>20</CX>
			<CY>8</CY>
		</Size>
		<GaugeOffsetX>-80</GaugeOffsetX>
		<GaugeOffsetY>0</GaugeOffsetY>
		<Text></Text>
		<TextOffsetY>8000</TextOffsetY>
		<Style_VScroll>false</Style_VScroll>
		<Style_HScroll>false</Style_HScroll>
		<Style_Transparent>false</Style_Transparent>
		<!--<TooltipReference/>-->
		<FillTint>
				<R>0</R>
				<G>240</G>
				<B>0</B>
		</FillTint>
		<LinesFillTint>
				<R>0</R>
				<G>0</G>
				<B>0</B>
		</LinesFillTint>
		<DrawLinesFill>false</DrawLinesFill>
		<EQType>13</EQType>
		<GaugeDrawTemplate>
			<Fill>A_GaugeFill</Fill>
		</GaugeDrawTemplate>
	</Gauge>

	<Gauge item = "GW_Gauge3">
		<ScreenID>Gauge3</ScreenID>
		<Font>2</Font>
		<TextColor>
				<R>240</R>
				<G>240</G>
				<B>240</B>
		</TextColor>
		<RelativePosition>true</RelativePosition>
		<Location>
			<X>3</X>
			<Y>56</Y>
		</Location>
		<Size>
			<CX>115</CX>
			<CY>24</CY>
		</Size>
		<TextOffsetX>15</TextOffsetX>
		<TextOffsetY>3</TextOffsetY>
		<Style_VScroll>false</Style_VScroll>
		<Style_HScroll>false</Style_HScroll>
		<Style_Transparent>true</Style_Transparent>
		<!--<TooltipReference/>-->
		<FillTint>
				<R>220</R>
				<G>0</G>
				<B>0</B>
		</FillTint>
		<LinesFillTint>
				<R>220</R>
				<G>220</G>
				<B>0</B>
		</LinesFillTint>
		<DrawLinesFill>false</DrawLinesFill>
		<EQType>13</EQType>
		<GaugeDrawTemplate>
			<Lines>A_GaugeLines</Lines>
			<LinesFill>A_GaugeLinesFill</LinesFill>
			<EndCapLeft>A_F4image</EndCapLeft>
		</GaugeDrawTemplate>
	</Gauge>

	<Gauge item = "GW_PetGauge3">
		<ScreenID>PetGauge3</ScreenID>
		<!--<Font>3</Font>-->
		<TextColor>
				<R>240</R>
				<G>240</G>
				<B>240</B>
		</TextColor>
		<RelativePosition>true</RelativePosition>
		<Location>
			<X>18</X>
			<Y>78</Y>
		</Location>
		<Size>
			<CX>100</CX>
			<CY>2</CY>
		</Size>
		<TextOffsetY>-50</TextOffsetY>
		<GaugeOffsetY>0</GaugeOffsetY>
		<Style_VScroll>false</Style_VScroll>
		<Style_HScroll>false</Style_HScroll>
		<Style_Transparent>false</Style_Transparent>
		<!--<TooltipReference/>-->
		<FillTint>
				<R>255</R>
				<G>20</G>
				<B>147</B>
		</FillTint>
		<LinesFillTint>
				<R>0</R>
				<G>0</G>
				<B>0</B>
		</LinesFillTint>
		<DrawLinesFill>false</DrawLinesFill>
		<EQType>19</EQType>
		<GaugeDrawTemplate>
			<Fill>A_GaugeFill</Fill>
		</GaugeDrawTemplate>
	</Gauge>
  
	<StaticAnimation item = "GW_Gauge4black">
		<RelativePosition>true</RelativePosition>
		<Location>
			<X>17</X>
			<Y>92</Y>
		</Location>
		<Size>
			<CX>103</CX>
			<CY>10</CY>
		</Size>
		<Animation>Blackline</Animation>
	</StaticAnimation>

	<Gauge item="GW_Gauge4_BlackBgd">
		<ScreenID>TargetHP</ScreenID>
		<Font>2</Font>
		<TextColor>
			<R>240</R>
			<G>240</G>
			<B>240</B>
		</TextColor>
		<RelativePosition>true</RelativePosition>
		<Location>
			<X>18</X>
			<Y>93</Y>
		</Location>
		<Size>
			<CX>100</CX>
			<CY>8</CY>
		</Size>
		<GaugeOffsetY>0</GaugeOffsetY>
		<TextOffsetX>8000</TextOffsetX>
		<TextOffsetY>-1</TextOffsetY>
		<Style_VScroll>false</Style_VScroll>
		<Style_HScroll>false</Style_HScroll>
		<Style_Transparent>false</Style_Transparent>
		<TooltipReference/>
		<FillTint>
			<R>240</R>
			<G>0</G>
			<B>0</B>
		</FillTint>
		<LinesFillTint>
			<R>255</R>
			<G>153</G>
			<B>204</B>
		</LinesFillTint>
		<DrawLinesFill>false</DrawLinesFill>
		<EQType>14</EQType>
		<GaugeDrawTemplate>
			<Background>A_GaugeBackground</Background>
		</GaugeDrawTemplate>
	</Gauge>

  <Gauge item = "GW_Gauge4_Gauge0">
		<RelativePosition>true</RelativePosition>
		<Location>
			<X>18</X>
			<Y>93</Y>
		</Location>
		<Size>
			<CX>100</CX>
			<CY>8</CY>
		</Size>
		<GaugeOffsetX>0</GaugeOffsetX>
		<GaugeOffsetY>0</GaugeOffsetY>
		<Text></Text>
		<TextOffsetY>8000</TextOffsetY>
		<Style_VScroll>false</Style_VScroll>
		<Style_HScroll>false</Style_HScroll>
		<Style_Transparent>false</Style_Transparent>
		<!--<TooltipReference/>-->
		<FillTint>
				<R>240</R>
				<G>0</G>
				<B>0</B>
		</FillTint>
		<LinesFillTint>
				<R>0</R>
				<G>0</G>
				<B>0</B>
		</LinesFillTint>
		<DrawLinesFill>false</DrawLinesFill>
		<EQType>14</EQType>
		<GaugeDrawTemplate>
			<Fill>A_GaugeFill</Fill>
		</GaugeDrawTemplate>
	</Gauge>
	<Gauge item = "GW_Gauge4_Gauge1A">
		<RelativePosition>true</RelativePosition>
		<Location>
			<X>0</X>
			<Y>0</Y>
		</Location>
		<Size>
			<CX>8000</CX>
			<CY>8</CY>
		</Size>
		<GaugeOffsetX>-2000</GaugeOffsetX>
		<GaugeOffsetY>0</GaugeOffsetY>
		<Text></Text>
		<TextOffsetY>8000</TextOffsetY>
		<Style_VScroll>false</Style_VScroll>
		<Style_HScroll>false</Style_HScroll>
		<Style_Transparent>false</Style_Transparent>
		<!--<TooltipReference/>-->
		<FillTint>
				<R>240</R>
				<G>102</G>
				<B>0</B>
		</FillTint>
		<LinesFillTint>
				<R>0</R>
				<G>0</G>
				<B>0</B>
		</LinesFillTint>
		<DrawLinesFill>false</DrawLinesFill>
		<EQType>14</EQType>
		<GaugeDrawTemplate>
			<Fill>GW_GaugeFill1</Fill>
		</GaugeDrawTemplate>
	</Gauge>
	<Screen item="GW_Gauge4_Gauge1A_X">
		<RelativePosition>true</RelativePosition>
		<Location>
			<X>18</X>
			<Y>93</Y>
		</Location>
		<Size>
			<CX>20</CX>
			<CY>8</CY>
		</Size>
		<Style_Transparent>true</Style_Transparent>
		<Pieces>GW_Gauge4_Gauge1A</Pieces>
	</Screen>
	<Gauge item = "GW_Gauge4_Gauge1B">
		<RelativePosition>true</RelativePosition>
		<Location>
			<X>38</X>
			<Y>93</Y>
		</Location>
		<Size>
			<CX>80</CX>
			<CY>8</CY>
		</Size>
		<GaugeOffsetX>-20</GaugeOffsetX>
		<GaugeOffsetY>0</GaugeOffsetY>
		<Text></Text>
		<TextOffsetY>8000</TextOffsetY>
		<Style_VScroll>false</Style_VScroll>
		<Style_HScroll>false</Style_HScroll>
		<Style_Transparent>false</Style_Transparent>
		<!--<TooltipReference/>-->
		<FillTint>
				<R>240</R>
				<G>102</G>
				<B>0</B>
		</FillTint>
		<LinesFillTint>
				<R>0</R>
				<G>0</G>
				<B>0</B>
		</LinesFillTint>
		<DrawLinesFill>false</DrawLinesFill>
		<EQType>14</EQType>
		<GaugeDrawTemplate>
			<Fill>A_GaugeFill</Fill>
		</GaugeDrawTemplate>
	</Gauge>
	<Gauge item = "GW_Gauge4_Gauge2A">
		<RelativePosition>true</RelativePosition>
		<Location>
			<X>0</X>
			<Y>0</Y>
		</Location>
		<Size>
			<CX>6000</CX>
			<CY>8</CY>
		</Size>
		<GaugeOffsetX>-4000</GaugeOffsetX>
		<GaugeOffsetY>0</GaugeOffsetY>
		<Text></Text>
		<TextOffsetY>8000</TextOffsetY>
		<Style_VScroll>false</Style_VScroll>
		<Style_HScroll>false</Style_HScroll>
		<Style_Transparent>false</Style_Transparent>
		<!--<TooltipReference/>-->
		<FillTint>
				<R>240</R>
				<G>240</G>
				<B>0</B>
		</FillTint>
		<LinesFillTint>
				<R>0</R>
				<G>0</G>
				<B>0</B>
		</LinesFillTint>
		<DrawLinesFill>false</DrawLinesFill>
		<EQType>14</EQType>
		<GaugeDrawTemplate>
			<Fill>GW_GaugeFill2</Fill>
		</GaugeDrawTemplate>
	</Gauge>
	<Screen item="GW_Gauge4_Gauge2A_X">
		<RelativePosition>true</RelativePosition>
		<Location>
			<X>18</X>
			<Y>93</Y>
		</Location>
		<Size>
			<CX>40</CX>
			<CY>8</CY>
		</Size>
		<Style_Transparent>true</Style_Transparent>
		<Pieces>GW_Gauge4_Gauge2A</Pieces>
	</Screen>
	<Gauge item = "GW_Gauge4_Gauge2B">
		<RelativePosition>true</RelativePosition>
		<Location>
			<X>58</X>
			<Y>93</Y>
		</Location>
		<Size>
			<CX>60</CX>
			<CY>8</CY>
		</Size>
		<GaugeOffsetX>-40</GaugeOffsetX>
		<GaugeOffsetY>0</GaugeOffsetY>
		<Text></Text>
		<TextOffsetY>8000</TextOffsetY>
		<Style_VScroll>false</Style_VScroll>
		<Style_HScroll>false</Style_HScroll>
		<Style_Transparent>false</Style_Transparent>
		<!--<TooltipReference/>-->
		<FillTint>
				<R>240</R>
				<G>240</G>
				<B>0</B>
		</FillTint>
		<LinesFillTint>
				<R>0</R>
				<G>0</G>
				<B>0</B>
		</LinesFillTint>
		<DrawLinesFill>false</DrawLinesFill>
		<EQType>14</EQType>
		<GaugeDrawTemplate>
			<Fill>A_GaugeFill</Fill>
		</GaugeDrawTemplate>
	</Gauge>
	<Gauge item = "GW_Gauge4_Gauge3A">
		<RelativePosition>true</RelativePosition>
		<Location>
			<X>0</X>
			<Y>0</Y>
		</Location>
		<Size>
			<CX>4000</CX>
			<CY>8</CY>
		</Size>
		<GaugeOffsetX>-6000</GaugeOffsetX>
		<GaugeOffsetY>0</GaugeOffsetY>
		<Text></Text>
		<TextOffsetY>8000</TextOffsetY>
		<Style_VScroll>false</Style_VScroll>
		<Style_HScroll>false</Style_HScroll>
		<Style_Transparent>false</Style_Transparent>
		<!--<TooltipReference/>-->
		<FillTint>
				<R>173</R>
				<G>255</G>
				<B>47</B>
		</FillTint>
		<LinesFillTint>
				<R>0</R>
				<G>0</G>
				<B>0</B>
		</LinesFillTint>
		<DrawLinesFill>false</DrawLinesFill>
		<EQType>14</EQType>
		<GaugeDrawTemplate>
			<Fill>GW_GaugeFill3</Fill>
		</GaugeDrawTemplate>
	</Gauge>
	<Screen item="GW_Gauge4_Gauge3A_X">
		<RelativePosition>true</RelativePosition>
		<Location>
			<X>18</X>
			<Y>93</Y>
		</Location>
		<Size>
			<CX>60</CX>
			<CY>8</CY>
		</Size>
		<Style_Transparent>true</Style_Transparent>
		<Pieces>GW_Gauge4_Gauge3A</Pieces>
	</Screen>
	<Gauge item = "GW_Gauge4_Gauge3B">
		<RelativePosition>true</RelativePosition>
		<Location>
			<X>78</X>
			<Y>93</Y>
		</Location>
		<Size>
			<CX>40</CX>
			<CY>8</CY>
		</Size>
		<GaugeOffsetX>-60</GaugeOffsetX>
		<GaugeOffsetY>0</GaugeOffsetY>
		<Text></Text>
		<TextOffsetY>8000</TextOffsetY>
		<Style_VScroll>false</Style_VScroll>
		<Style_HScroll>false</Style_HScroll>
		<Style_Transparent>false</Style_Transparent>
		<!--<TooltipReference/>-->
		<FillTint>
				<R>173</R>
				<G>255</G>
				<B>47</B>
		</FillTint>
		<LinesFillTint>
				<R>0</R>
				<G>0</G>
				<B>0</B>
		</LinesFillTint>
		<DrawLinesFill>false</DrawLinesFill>
		<EQType>14</EQType>
		<GaugeDrawTemplate>
			<Fill>A_GaugeFill</Fill>
		</GaugeDrawTemplate>
	</Gauge>
	<Gauge item = "GW_Gauge4_Gauge4A">
		<RelativePosition>true</RelativePosition>
		<Location>
			<X>0</X>
			<Y>0</Y>
		</Location>
		<Size>
			<CX>2000</CX>
			<CY>8</CY>
		</Size>
		<GaugeOffsetX>-8000</GaugeOffsetX>
		<GaugeOffsetY>0</GaugeOffsetY>
		<Text></Text>
		<TextOffsetY>8000</TextOffsetY>
		<Style_VScroll>false</Style_VScroll>
		<Style_HScroll>false</Style_HScroll>
		<Style_Transparent>false</Style_Transparent>
		<!--<TooltipReference/>-->
		<FillTint>
				<R>0</R>
				<G>240</G>
				<B>0</B>
		</FillTint>
		<LinesFillTint>
				<R>0</R>
				<G>0</G>
				<B>0</B>
		</LinesFillTint>
		<DrawLinesFill>false</DrawLinesFill>
		<EQType>14</EQType>
		<GaugeDrawTemplate>
			<Fill>GW_GaugeFill4</Fill>
		</GaugeDrawTemplate>
	</Gauge>
	<Screen item="GW_Gauge4_Gauge4A_X">
		<RelativePosition>true</RelativePosition>
		<Location>
			<X>18</X>
			<Y>93</Y>
		</Location>
		<Size>
			<CX>80</CX>
			<CY>8</CY>
		</Size>
		<Style_Transparent>true</Style_Transparent>
		<Pieces>GW_Gauge4_Gauge4A</Pieces>
	</Screen>
	<Gauge item = "GW_Gauge4_Gauge4B">
		<RelativePosition>true</RelativePosition>
		<Location>
			<X>98</X>
			<Y>93</Y>
		</Location>
		<Size>
			<CX>20</CX>
			<CY>8</CY>
		</Size>
		<GaugeOffsetX>-80</GaugeOffsetX>
		<GaugeOffsetY>0</GaugeOffsetY>
		<Text></Text>
		<TextOffsetY>8000</TextOffsetY>
		<Style_VScroll>false</Style_VScroll>
		<Style_HScroll>false</Style_HScroll>
		<Style_Transparent>false</Style_Transparent>
		<!--<TooltipReference/>-->
		<FillTint>
				<R>0</R>
				<G>240</G>
				<B>0</B>
		</FillTint>
		<LinesFillTint>
				<R>0</R>
				<G>0</G>
				<B>0</B>
		</LinesFillTint>
		<DrawLinesFill>false</DrawLinesFill>
		<EQType>14</EQType>
		<GaugeDrawTemplate>
			<Fill>A_GaugeFill</Fill>
		</GaugeDrawTemplate>
	</Gauge>

	<Gauge item = "GW_Gauge4">
		<ScreenID>Gauge4</ScreenID>
		<Font>2</Font>
		<TextColor>
				<R>240</R>
				<G>240</G>
				<B>240</B>
		</TextColor>
		<RelativePosition>true</RelativePosition>
		<Location>
			<X>3</X>
			<Y>77</Y>
		</Location>
		<Size>
			<CX>115</CX>
			<CY>24</CY>
		</Size>
		<TextOffsetX>15</TextOffsetX>
		<TextOffsetY>3</TextOffsetY>
		<Style_VScroll>false</Style_VScroll>
		<Style_HScroll>false</Style_HScroll>
		<Style_Transparent>true</Style_Transparent>
		<!--<TooltipReference/>-->
		<FillTint>
				<R>220</R>
				<G>0</G>
				<B>0</B>
		</FillTint>
		<LinesFillTint>
				<R>220</R>
				<G>220</G>
				<B>0</B>
		</LinesFillTint>
		<DrawLinesFill>false</DrawLinesFill>
		<EQType>14</EQType>
		<GaugeDrawTemplate>
			<Lines>A_GaugeLines</Lines>
			<LinesFill>A_GaugeLinesFill</LinesFill>
			<EndCapLeft>A_F5image</EndCapLeft>
		</GaugeDrawTemplate>
	</Gauge>

	<Gauge item = "GW_PetGauge4">
		<ScreenID>PetGauge4</ScreenID>
		<!--<Font>3</Font>-->
		<TextColor>
				<R>240</R>
				<G>240</G>
				<B>240</B>
		</TextColor>
		<RelativePosition>true</RelativePosition>
		<Location>
			<X>18</X>
			<Y>99</Y>
		</Location>
		<Size>
			<CX>100</CX>
			<CY>2</CY>
		</Size>
		<TextOffsetY>-50</TextOffsetY>
		<GaugeOffsetY>0</GaugeOffsetY>
		<Style_VScroll>false</Style_VScroll>
		<Style_HScroll>false</Style_HScroll>
		<Style_Transparent>false</Style_Transparent>
		<!--<TooltipReference/>-->
		<FillTint>
				<R>255</R>
				<G>20</G>
				<B>147</B>
		</FillTint>
		<LinesFillTint>
				<R>0</R>
				<G>0</G>
				<B>0</B>
		</LinesFillTint>
		<DrawLinesFill>false</DrawLinesFill>
		<EQType>20</EQType>
		<GaugeDrawTemplate>
			<Fill>A_GaugeFill</Fill>
		</GaugeDrawTemplate>
	</Gauge>

	<StaticAnimation item = "GW_Gauge5black">
		<RelativePosition>true</RelativePosition>
		<Location>
			<X>17</X>
			<Y>113</Y>
		</Location>
		<Size>
			<CX>103</CX>
			<CY>10</CY>
		</Size>
		<Animation>Blackline</Animation>
	</StaticAnimation>

	<Gauge item="GW_Gauge5_BlackBgd">
		<ScreenID>TargetHP</ScreenID>
		<Font>2</Font>
		<TextColor>
			<R>240</R>
			<G>240</G>
			<B>240</B>
		</TextColor>
		<RelativePosition>true</RelativePosition>
		<Location>
			<X>18</X>
			<Y>114</Y>
		</Location>
		<Size>
			<CX>100</CX>
			<CY>8</CY>
		</Size>
		<GaugeOffsetY>0</GaugeOffsetY>
		<TextOffsetX>8000</TextOffsetX>
		<TextOffsetY>-1</TextOffsetY>
		<Style_VScroll>false</Style_VScroll>
		<Style_HScroll>false</Style_HScroll>
		<Style_Transparent>false</Style_Transparent>
		<TooltipReference/>
		<FillTint>
			<R>240</R>
			<G>0</G>
			<B>0</B>
		</FillTint>
		<LinesFillTint>
			<R>255</R>
			<G>153</G>
			<B>204</B>
		</LinesFillTint>
		<DrawLinesFill>false</DrawLinesFill>
		<EQType>15</EQType>
		<GaugeDrawTemplate>
			<Background>A_GaugeBackground</Background>
		</GaugeDrawTemplate>
	</Gauge>

  <Gauge item = "GW_Gauge5_Gauge0">
		<RelativePosition>true</RelativePosition>
		<Location>
			<X>18</X>
			<Y>114</Y>
		</Location>
		<Size>
			<CX>100</CX>
			<CY>8</CY>
		</Size>
		<GaugeOffsetX>0</GaugeOffsetX>
		<GaugeOffsetY>0</GaugeOffsetY>
		<Text></Text>
		<TextOffsetY>8000</TextOffsetY>
		<Style_VScroll>false</Style_VScroll>
		<Style_HScroll>false</Style_HScroll>
		<Style_Transparent>false</Style_Transparent>
		<!--<TooltipReference/>-->
		<FillTint>
				<R>240</R>
				<G>0</G>
				<B>0</B>
		</FillTint>
		<LinesFillTint>
				<R>0</R>
				<G>0</G>
				<B>0</B>
		</LinesFillTint>
		<DrawLinesFill>false</DrawLinesFill>
		<EQType>15</EQType>
		<GaugeDrawTemplate>
			<Fill>A_GaugeFill</Fill>
		</GaugeDrawTemplate>
	</Gauge>
	<Gauge item = "GW_Gauge5_Gauge1A">
		<RelativePosition>true</RelativePosition>
		<Location>
			<X>0</X>
			<Y>0</Y>
		</Location>
		<Size>
			<CX>8000</CX>
			<CY>8</CY>
		</Size>
		<GaugeOffsetX>-2000</GaugeOffsetX>
		<GaugeOffsetY>0</GaugeOffsetY>
		<Text></Text>
		<TextOffsetY>8000</TextOffsetY>
		<Style_VScroll>false</Style_VScroll>
		<Style_HScroll>false</Style_HScroll>
		<Style_Transparent>false</Style_Transparent>
		<!--<TooltipReference/>-->
		<FillTint>
				<R>240</R>
				<G>102</G>
				<B>0</B>
		</FillTint>
		<LinesFillTint>
				<R>0</R>
				<G>0</G>
				<B>0</B>
		</LinesFillTint>
		<DrawLinesFill>false</DrawLinesFill>
		<EQType>15</EQType>
		<GaugeDrawTemplate>
			<Fill>GW_GaugeFill1</Fill>
		</GaugeDrawTemplate>
	</Gauge>
	<Screen item="GW_Gauge5_Gauge1A_X">
		<RelativePosition>true</RelativePosition>
		<Location>
			<X>18</X>
			<Y>114</Y>
		</Location>
		<Size>
			<CX>20</CX>
			<CY>8</CY>
		</Size>
		<Style_Transparent>true</Style_Transparent>
		<Pieces>GW_Gauge5_Gauge1A</Pieces>
	</Screen>
	<Gauge item = "GW_Gauge5_Gauge1B">
		<RelativePosition>true</RelativePosition>
		<Location>
			<X>38</X>
			<Y>114</Y>
		</Location>
		<Size>
			<CX>80</CX>
			<CY>8</CY>
		</Size>
		<GaugeOffsetX>-20</GaugeOffsetX>
		<GaugeOffsetY>0</GaugeOffsetY>
		<Text></Text>
		<TextOffsetY>8000</TextOffsetY>
		<Style_VScroll>false</Style_VScroll>
		<Style_HScroll>false</Style_HScroll>
		<Style_Transparent>false</Style_Transparent>
		<!--<TooltipReference/>-->
		<FillTint>
				<R>240</R>
				<G>102</G>
				<B>0</B>
		</FillTint>
		<LinesFillTint>
				<R>0</R>
				<G>0</G>
				<B>0</B>
		</LinesFillTint>
		<DrawLinesFill>false</DrawLinesFill>
		<EQType>15</EQType>
		<GaugeDrawTemplate>
			<Fill>A_GaugeFill</Fill>
		</GaugeDrawTemplate>
	</Gauge>
	<Gauge item = "GW_Gauge5_Gauge2A">
		<RelativePosition>true</RelativePosition>
		<Location>
			<X>0</X>
			<Y>0</Y>
		</Location>
		<Size>
			<CX>6000</CX>
			<CY>8</CY>
		</Size>
		<GaugeOffsetX>-4000</GaugeOffsetX>
		<GaugeOffsetY>0</GaugeOffsetY>
		<Text></Text>
		<TextOffsetY>8000</TextOffsetY>
		<Style_VScroll>false</Style_VScroll>
		<Style_HScroll>false</Style_HScroll>
		<Style_Transparent>false</Style_Transparent>
		<!--<TooltipReference/>-->
		<FillTint>
				<R>240</R>
				<G>240</G>
				<B>0</B>
		</FillTint>
		<LinesFillTint>
				<R>0</R>
				<G>0</G>
				<B>0</B>
		</LinesFillTint>
		<DrawLinesFill>false</DrawLinesFill>
		<EQType>15</EQType>
		<GaugeDrawTemplate>
			<Fill>GW_GaugeFill2</Fill>
		</GaugeDrawTemplate>
	</Gauge>
	<Screen item="GW_Gauge5_Gauge2A_X">
		<RelativePosition>true</RelativePosition>
		<Location>
			<X>18</X>
			<Y>114</Y>
		</Location>
		<Size>
			<CX>40</CX>
			<CY>8</CY>
		</Size>
		<Style_Transparent>true</Style_Transparent>
		<Pieces>GW_Gauge5_Gauge2A</Pieces>
	</Screen>
	<Gauge item = "GW_Gauge5_Gauge2B">
		<RelativePosition>true</RelativePosition>
		<Location>
			<X>58</X>
			<Y>134</Y>
		</Location>
		<Size>
			<CX>60</CX>
			<CY>8</CY>
		</Size>
		<GaugeOffsetX>-40</GaugeOffsetX>
		<GaugeOffsetY>0</GaugeOffsetY>
		<Text></Text>
		<TextOffsetY>8000</TextOffsetY>
		<Style_VScroll>false</Style_VScroll>
		<Style_HScroll>false</Style_HScroll>
		<Style_Transparent>false</Style_Transparent>
		<!--<TooltipReference/>-->
		<FillTint>
				<R>240</R>
				<G>240</G>
				<B>0</B>
		</FillTint>
		<LinesFillTint>
				<R>0</R>
				<G>0</G>
				<B>0</B>
		</LinesFillTint>
		<DrawLinesFill>false</DrawLinesFill>
		<EQType>15</EQType>
		<GaugeDrawTemplate>
			<Fill>A_GaugeFill</Fill>
		</GaugeDrawTemplate>
	</Gauge>
	<Gauge item = "GW_Gauge5_Gauge3A">
		<RelativePosition>true</RelativePosition>
		<Location>
			<X>0</X>
			<Y>0</Y>
		</Location>
		<Size>
			<CX>4000</CX>
			<CY>8</CY>
		</Size>
		<GaugeOffsetX>-6000</GaugeOffsetX>
		<GaugeOffsetY>0</GaugeOffsetY>
		<Text></Text>
		<TextOffsetY>8000</TextOffsetY>
		<Style_VScroll>false</Style_VScroll>
		<Style_HScroll>false</Style_HScroll>
		<Style_Transparent>false</Style_Transparent>
		<!--<TooltipReference/>-->
		<FillTint>
				<R>173</R>
				<G>255</G>
				<B>47</B>
		</FillTint>
		<LinesFillTint>
				<R>0</R>
				<G>0</G>
				<B>0</B>
		</LinesFillTint>
		<DrawLinesFill>false</DrawLinesFill>
		<EQType>15</EQType>
		<GaugeDrawTemplate>
			<Fill>GW_GaugeFill3</Fill>
		</GaugeDrawTemplate>
	</Gauge>
	<Screen item="GW_Gauge5_Gauge3A_X">
		<RelativePosition>true</RelativePosition>
		<Location>
			<X>18</X>
			<Y>114</Y>
		</Location>
		<Size>
			<CX>60</CX>
			<CY>8</CY>
		</Size>
		<Style_Transparent>true</Style_Transparent>
		<Pieces>GW_Gauge5_Gauge3A</Pieces>
	</Screen>
	<Gauge item = "GW_Gauge5_Gauge3B">
		<RelativePosition>true</RelativePosition>
		<Location>
			<X>78</X>
			<Y>114</Y>
		</Location>
		<Size>
			<CX>40</CX>
			<CY>8</CY>
		</Size>
		<GaugeOffsetX>-60</GaugeOffsetX>
		<GaugeOffsetY>0</GaugeOffsetY>
		<Text></Text>
		<TextOffsetY>8000</TextOffsetY>
		<Style_VScroll>false</Style_VScroll>
		<Style_HScroll>false</Style_HScroll>
		<Style_Transparent>false</Style_Transparent>
		<!--<TooltipReference/>-->
		<FillTint>
				<R>173</R>
				<G>255</G>
				<B>47</B>
		</FillTint>
		<LinesFillTint>
				<R>0</R>
				<G>0</G>
				<B>0</B>
		</LinesFillTint>
		<DrawLinesFill>false</DrawLinesFill>
		<EQType>15</EQType>
		<GaugeDrawTemplate>
			<Fill>A_GaugeFill</Fill>
		</GaugeDrawTemplate>
	</Gauge>
	<Gauge item = "GW_Gauge5_Gauge4A">
		<RelativePosition>true</RelativePosition>
		<Location>
			<X>0</X>
			<Y>0</Y>
		</Location>
		<Size>
			<CX>2000</CX>
			<CY>8</CY>
		</Size>
		<GaugeOffsetX>-8000</GaugeOffsetX>
		<GaugeOffsetY>0</GaugeOffsetY>
		<Text></Text>
		<TextOffsetY>8000</TextOffsetY>
		<Style_VScroll>false</Style_VScroll>
		<Style_HScroll>false</Style_HScroll>
		<Style_Transparent>false</Style_Transparent>
		<!--<TooltipReference/>-->
		<FillTint>
				<R>0</R>
				<G>240</G>
				<B>0</B>
		</FillTint>
		<LinesFillTint>
				<R>0</R>
				<G>0</G>
				<B>0</B>
		</LinesFillTint>
		<DrawLinesFill>false</DrawLinesFill>
		<EQType>15</EQType>
		<GaugeDrawTemplate>
			<Fill>GW_GaugeFill4</Fill>
		</GaugeDrawTemplate>
	</Gauge>
	<Screen item="GW_Gauge5_Gauge4A_X">
		<RelativePosition>true</RelativePosition>
		<Location>
			<X>18</X>
			<Y>114</Y>
		</Location>
		<Size>
			<CX>80</CX>
			<CY>8</CY>
		</Size>
		<Style_Transparent>true</Style_Transparent>
		<Pieces>GW_Gauge5_Gauge4A</Pieces>
	</Screen>
	<Gauge item = "GW_Gauge5_Gauge4B">
		<RelativePosition>true</RelativePosition>
		<Location>
			<X>98</X>
			<Y>114</Y>
		</Location>
		<Size>
			<CX>20</CX>
			<CY>8</CY>
		</Size>
		<GaugeOffsetX>-80</GaugeOffsetX>
		<GaugeOffsetY>0</GaugeOffsetY>
		<Text></Text>
		<TextOffsetY>8000</TextOffsetY>
		<Style_VScroll>false</Style_VScroll>
		<Style_HScroll>false</Style_HScroll>
		<Style_Transparent>false</Style_Transparent>
		<!--<TooltipReference/>-->
		<FillTint>
				<R>0</R>
				<G>240</G>
				<B>0</B>
		</FillTint>
		<LinesFillTint>
				<R>0</R>
				<G>0</G>
				<B>0</B>
		</LinesFillTint>
		<DrawLinesFill>false</DrawLinesFill>
		<EQType>15</EQType>
		<GaugeDrawTemplate>
			<Fill>A_GaugeFill</Fill>
		</GaugeDrawTemplate>
	</Gauge>

	<Gauge item = "GW_Gauge5">
		<ScreenID>Gauge5</ScreenID>
		<Font>2</Font>
		<TextColor>
				<R>240</R>
				<G>240</G>
				<B>240</B>
		</TextColor>
		<RelativePosition>true</RelativePosition>
		<Location>
			<X>3</X>
			<Y>98</Y>
		</Location>
		<Size>
			<CX>115</CX>
			<CY>24</CY>
		</Size>
		<TextOffsetX>15</TextOffsetX>
		<TextOffsetY>3</TextOffsetY>
		<Style_VScroll>false</Style_VScroll>
		<Style_HScroll>false</Style_HScroll>
		<Style_Transparent>true</Style_Transparent>
		<!--<TooltipReference/>-->
		<FillTint>
				<R>220</R>
				<G>0</G>
				<B>0</B>
		</FillTint>
		<LinesFillTint>
				<R>220</R>
				<G>220</G>
				<B>0</B>
		</LinesFillTint>
		<DrawLinesFill>false</DrawLinesFill>
		<EQType>15</EQType>
		<GaugeDrawTemplate>
			<Lines>A_GaugeLines</Lines>
			<LinesFill>A_GaugeLinesFill</LinesFill>
			<EndCapLeft>A_F6image</EndCapLeft>
		</GaugeDrawTemplate>
	</Gauge>

	<Gauge item = "GW_PetGauge5">
		<ScreenID>PetGauge5</ScreenID>
		<!--<Font>3</Font>-->
		<TextColor>
				<R>240</R>
				<G>240</G>
				<B>240</B>
		</TextColor>
		<RelativePosition>true</RelativePosition>
		<Location>
			<X>18</X>
			<Y>120</Y>
		</Location>
		<Size>
			<CX>100</CX>
			<CY>2</CY>
		</Size>
		<TextOffsetY>-50</TextOffsetY>
		<GaugeOffsetY>0</GaugeOffsetY>
		<Style_VScroll>false</Style_VScroll>
		<Style_HScroll>false</Style_HScroll>
		<Style_Transparent>false</Style_Transparent>
		<!--<TooltipReference/>-->
		<FillTint>
				<R>255</R>
				<G>20</G>
				<B>147</B>
		</FillTint>
		<LinesFillTint>
				<R>0</R>
				<G>0</G>
				<B>0</B>
		</LinesFillTint>
		<DrawLinesFill>false</DrawLinesFill>
		<EQType>21</EQType>
		<GaugeDrawTemplate>
			<Fill>A_GaugeFill</Fill>
		</GaugeDrawTemplate>
	</Gauge>

  <Label item ="GW_HPLabel1">
		<ScreenID>HPLabel1</ScreenID>
		<EQType>35</EQType>
		<Font>1</Font>
		<RelativePosition>true</RelativePosition>
		<Location>
			<X>102</X>
			<Y>28</Y>
		</Location>
		<Size>
			<CX>35</CX>
			<CY>14</CY>
		</Size>
		<Text>0</Text>
		<TextColor>
				<R>255</R>
				<G>255</G>
				<B>0</B>
		</TextColor>
		<NoWrap>true</NoWrap>
		<AlignCenter>false</AlignCenter>
		<AlignRight>true</AlignRight>
		<AlignLeft>false</AlignLeft>
		<Style_Tooltip>false</Style_Tooltip>
	</Label>

	<Label item ="GW_HPPercLabel1">
		<ScreenID>HPPercLabel1</ScreenID>
		<Font>1</Font>
		<RelativePosition>true</RelativePosition>
		<Location>
			<X>110</X>
			<Y>28</Y>
		</Location>
		<Size>
			<CX>35</CX>
			<CY>14</CY>
		</Size>
		<Text>%</Text>
		<TextColor>
				<R>255</R>
				<G>255</G>
				<B>0</B>
		</TextColor>
		<NoWrap>true</NoWrap>
		<AlignCenter>false</AlignCenter>
		<AlignRight>true</AlignRight>
		<AlignLeft>false</AlignLeft>
		<Style_Tooltip>false</Style_Tooltip>
	</Label>

	<Label item ="GW_HPLabel2">
		<ScreenID>HPLabel2</ScreenID>
		<EQType>36</EQType>
		<Font>1</Font>
		<RelativePosition>true</RelativePosition>
		<Location>
			<X>102</X>
			<Y>49</Y>
		</Location>
		<Size>
			<CX>35</CX>
			<CY>14</CY>
		</Size>
		<Text>0</Text>
		<TextColor>
				<R>255</R>
				<G>255</G>
				<B>0</B>
		</TextColor>
		<NoWrap>true</NoWrap>
		<AlignCenter>false</AlignCenter>
		<AlignRight>true</AlignRight>
		<AlignLeft>false</AlignLeft>
		<Style_Tooltip>false</Style_Tooltip>
	</Label>

	<Label item ="GW_HPPercLabel2">
		<ScreenID>HPPercLabel2</ScreenID>
		<Font>1</Font>
		<RelativePosition>true</RelativePosition>
		<Location>
			<X>110</X>
			<Y>49</Y>
		</Location>
		<Size>
			<CX>35</CX>
			<CY>14</CY>
		</Size>
		<Text>%</Text>
		<TextColor>
				<R>255</R>
				<G>255</G>
				<B>0</B>
		</TextColor>
		<NoWrap>true</NoWrap>
		<AlignCenter>false</AlignCenter>
		<AlignRight>true</AlignRight>
		<AlignLeft>false</AlignLeft>
		<Style_Tooltip>false</Style_Tooltip>
	</Label>
	
	<Label item ="GW_HPLabel3">
		<ScreenID>HPLabel3</ScreenID>
		<EQType>37</EQType>
		<Font>1</Font>
		<RelativePosition>true</RelativePosition>
		<Location>
			<X>102</X>
			<Y>70</Y>
		</Location>
		<Size>
			<CX>35</CX>
			<CY>14</CY>
		</Size>
		<Text>0</Text>
		<TextColor>
				<R>255</R>
				<G>255</G>
				<B>0</B>
		</TextColor>
		<NoWrap>true</NoWrap>
		<AlignCenter>false</AlignCenter>
		<AlignRight>true</AlignRight>
		<AlignLeft>false</AlignLeft>
		<Style_Tooltip>false</Style_Tooltip>
	</Label>

	<Label item ="GW_HPPercLabel3">
		<ScreenID>HPPercLabel3</ScreenID>
		<Font>1</Font>
		<RelativePosition>true</RelativePosition>
		<Location>
			<X>110</X>
			<Y>70</Y>
		</Location>
		<Size>
			<CX>35</CX>
			<CY>14</CY>
		</Size>
		<Text>%</Text>
		<TextColor>
				<R>255</R>
				<G>255</G>
				<B>0</B>
		</TextColor>
		<NoWrap>true</NoWrap>
		<AlignCenter>false</AlignCenter>
		<AlignRight>true</AlignRight>
		<AlignLeft>false</AlignLeft>
		<Style_Tooltip>false</Style_Tooltip>
	</Label>
	
	<Label item ="GW_HPLabel4">
		<ScreenID>HPLabel4</ScreenID>
		<EQType>38</EQType>
		<Font>1</Font>
		<RelativePosition>true</RelativePosition>
		<Location>
			<X>102</X>
			<Y>91</Y>
		</Location>
		<Size>
			<CX>35</CX>
			<CY>14</CY>
		</Size>
		<Text>0</Text>
		<TextColor>
				<R>255</R>
				<G>255</G>
				<B>0</B>
		</TextColor>
		<NoWrap>true</NoWrap>
		<AlignCenter>false</AlignCenter>
		<AlignRight>true</AlignRight>
		<AlignLeft>false</AlignLeft>
		<Style_Tooltip>false</Style_Tooltip>
	</Label>

	<Label item ="GW_HPPercLabel4">
		<ScreenID>HPPercLabel4</ScreenID>
		<Font>1</Font>
		<RelativePosition>true</RelativePosition>
		<Location>
			<X>110</X>
			<Y>91</Y>
		</Location>
		<Size>
			<CX>35</CX>
			<CY>14</CY>
		</Size>
		<Text>%</Text>
		<TextColor>
				<R>255</R>
				<G>255</G>
				<B>0</B>
		</TextColor>
		<NoWrap>true</NoWrap>
		<AlignCenter>false</AlignCenter>
		<AlignRight>true</AlignRight>
		<AlignLeft>false</AlignLeft>
		<Style_Tooltip>false</Style_Tooltip>
	</Label>

	<Label item ="GW_HPLabel5">
		<ScreenID>HPLabel5</ScreenID>
		<EQType>39</EQType>
		<Font>1</Font>
		<RelativePosition>true</RelativePosition>
		<Location>
			<X>102</X>
			<Y>112</Y>
		</Location>
		<Size>
			<CX>35</CX>
			<CY>14</CY>
		</Size>
		<Text>0</Text>
		<TextColor>
				<R>255</R>
				<G>255</G>
				<B>0</B>
		</TextColor>
		<NoWrap>true</NoWrap>
		<AlignCenter>false</AlignCenter>
		<AlignRight>true</AlignRight>
		<AlignLeft>false</AlignLeft>
		<Style_Tooltip>false</Style_Tooltip>
	</Label>

	<Label item ="GW_HPPercLabel5">
		<ScreenID>HPPercLabel5</ScreenID>
		<Font>1</Font>
		<RelativePosition>true</RelativePosition>
		<Location>
			<X>110</X>
			<Y>112</Y>
		</Location>
		<Size>
			<CX>35</CX>
			<CY>14</CY>
		</Size>
		<Text>%</Text>
		<TextColor>
				<R>255</R>
				<G>255</G>
				<B>0</B>
		</TextColor>
		<NoWrap>true</NoWrap>
		<AlignCenter>false</AlignCenter>
		<AlignRight>true</AlignRight>
		<AlignLeft>false</AlignLeft>
		<Style_Tooltip>false</Style_Tooltip>
	</Label>

	<Ui2DAnimation item="GW_LFGBtnNormal">
		<Frames>
			<Texture>window_pieces22.tga</Texture>
			<Location>
				<X>154</X>
				<Y>120</Y>
			</Location>
			<Size>
				<CX>23</CX>
				<CY>14</CY>
			</Size>
			<Hotspot>
				<X>0</X>
				<Y>0</Y>
			</Hotspot>
		</Frames>
	</Ui2DAnimation>
	<Ui2DAnimation item="GW_LFGBtnFlyby">
		<Frames>
			<Texture>window_pieces22.tga</Texture>
			<Location>
				<X>180</X>
				<Y>120</Y>
			</Location>
			<Size>
				<CX>23</CX>
				<CY>14</CY>
			</Size>
			<Hotspot>
				<X>0</X>
				<Y>0</Y>
			</Hotspot>
		</Frames>
	</Ui2DAnimation>
	<Ui2DAnimation item="GW_LFGBtnPressed">
		<Frames>
			<Texture>window_pieces22.tga</Texture>
			<Location>
				<X>206</X>
				<Y>120</Y>
			</Location>
			<Size>
				<CX>23</CX>
				<CY>14</CY>
			</Size>
			<Hotspot>
				<X>0</X>
				<Y>0</Y>
			</Hotspot>
		</Frames>
	</Ui2DAnimation>
	<Ui2DAnimation item="GW_LFGBtnPressedFlyby">
		<Frames>
			<Texture>window_pieces22.tga</Texture>
			<Location>
				<X>206</X>
				<Y>120</Y>
			</Location>
			<Size>
				<CX>23</CX>
				<CY>14</CY>
			</Size>
			<Hotspot>
				<X>0</X>
				<Y>0</Y>
			</Hotspot>
		</Frames>
	</Ui2DAnimation>

	<Screen item = "GroupWindow">
		<ScreenID/>
		<RelativePosition>false</RelativePosition>
		<Location>
			<X>3</X>
			<Y>134</Y>
		</Location>
		<Size>
			<CX>155</CX>
			<CY>133</CY>
		</Size>
		<Text>Advanced Grouping</Text>
		<Style_VScroll>false</Style_VScroll>
		<Style_HScroll>false</Style_HScroll>
		<Style_Transparent>false</Style_Transparent>
		<DrawTemplate>WDT_RoundedNoTitle</DrawTemplate>
		<Style_Titlebar>false</Style_Titlebar>
		<Style_Closebox>false</Style_Closebox>
		<Style_Minimizebox>false</Style_Minimizebox>
		<Style_Border>true</Style_Border>
		<Style_Sizable>false</Style_Sizable>

		
		<Pieces>GW_LFGButton</Pieces>
		<Pieces>GW_InviteButton</Pieces>
		<Pieces>GW_FollowButton</Pieces>
		<Pieces>GW_DisbandButton</Pieces>
		<Pieces>GW_DeclineButton</Pieces>
		
		<Pieces>GW_Gauge1black</Pieces>
		<Pieces>GW_Gauge1_BlackBgd</Pieces>		
		<Pieces>GW_Gauge1_Gauge0</Pieces>
		<Pieces>GW_Gauge1_Gauge1A_X</Pieces>
		<Pieces>GW_Gauge1_Gauge1B</Pieces>
		<Pieces>GW_Gauge1_Gauge2A_X</Pieces>
		<Pieces>GW_Gauge1_Gauge2B</Pieces>
	    <Pieces>GW_Gauge1_Gauge3A_X</Pieces>
	    <Pieces>GW_Gauge1_Gauge3B</Pieces>
		<Pieces>GW_Gauge1_Gauge4A_X</Pieces>
		<Pieces>GW_Gauge1_Gauge4B</Pieces>
		<Pieces>GW_Gauge1</Pieces>
		<Pieces>GW_PetGauge1</Pieces>

		<Pieces>GW_Gauge2black</Pieces>
		<Pieces>GW_Gauge2_BlackBgd</Pieces>		
		<Pieces>GW_Gauge2_Gauge0</Pieces>
		<Pieces>GW_Gauge2_Gauge1A_X</Pieces>
		<Pieces>GW_Gauge2_Gauge1B</Pieces>
		<Pieces>GW_Gauge2_Gauge2A_X</Pieces>
		<Pieces>GW_Gauge2_Gauge2B</Pieces>
	    <Pieces>GW_Gauge2_Gauge3A_X</Pieces>
	    <Pieces>GW_Gauge2_Gauge3B</Pieces>
		<Pieces>GW_Gauge2_Gauge4A_X</Pieces>
		<Pieces>GW_Gauge2_Gauge4B</Pieces>
		<Pieces>GW_Gauge2</Pieces>
		<Pieces>GW_PetGauge2</Pieces>

		<Pieces>GW_Gauge3black</Pieces>
		<Pieces>GW_Gauge3_BlackBgd</Pieces>		
		<Pieces>GW_Gauge3_Gauge0</Pieces>
		<Pieces>GW_Gauge3_Gauge1A_X</Pieces>
		<Pieces>GW_Gauge3_Gauge1B</Pieces>
		<Pieces>GW_Gauge3_Gauge2A_X</Pieces>
		<Pieces>GW_Gauge3_Gauge2B</Pieces>
	    <Pieces>GW_Gauge3_Gauge3A_X</Pieces>
	    <Pieces>GW_Gauge3_Gauge3B</Pieces>
		<Pieces>GW_Gauge3_Gauge4A_X</Pieces>
		<Pieces>GW_Gauge3_Gauge4B</Pieces>
		<Pieces>GW_Gauge3</Pieces>
		<Pieces>GW_PetGauge3</Pieces>

		<Pieces>GW_Gauge4black</Pieces>
		<Pieces>GW_Gauge4_BlackBgd</Pieces>		
		<Pieces>GW_Gauge4_Gauge0</Pieces>
		<Pieces>GW_Gauge4_Gauge1A_X</Pieces>
		<Pieces>GW_Gauge4_Gauge1B</Pieces>
		<Pieces>GW_Gauge4_Gauge2A_X</Pieces>
		<Pieces>GW_Gauge4_Gauge2B</Pieces>
	    <Pieces>GW_Gauge4_Gauge3A_X</Pieces>
	    <Pieces>GW_Gauge4_Gauge3B</Pieces>
		<Pieces>GW_Gauge4_Gauge4A_X</Pieces>
		<Pieces>GW_Gauge4_Gauge4B</Pieces>
		<Pieces>GW_Gauge4</Pieces>
		<Pieces>GW_PetGauge4</Pieces>

		<Pieces>GW_Gauge5black</Pieces>
		<Pieces>GW_Gauge5_BlackBgd</Pieces>		
		<Pieces>GW_Gauge5_Gauge0</Pieces>
		<Pieces>GW_Gauge5_Gauge1A_X</Pieces>
		<Pieces>GW_Gauge5_Gauge1B</Pieces>
		<Pieces>GW_Gauge5_Gauge2A_X</Pieces>
		<Pieces>GW_Gauge5_Gauge2B</Pieces>
	    <Pieces>GW_Gauge5_Gauge3A_X</Pieces>
	    <Pieces>GW_Gauge5_Gauge3B</Pieces>
		<Pieces>GW_Gauge5_Gauge4A_X</Pieces>
		<Pieces>GW_Gauge5_Gauge4B</Pieces>
		<Pieces>GW_Gauge5</Pieces>
		<Pieces>GW_PetGauge5</Pieces>

		<Pieces>GW_HPLabel1</Pieces>
		<Pieces>GW_HPPercLabel1</Pieces>
		<Pieces>GW_HPLabel2</Pieces>
		<Pieces>GW_HPPercLabel2</Pieces>
		<Pieces>GW_HPLabel3</Pieces>
		<Pieces>GW_HPPercLabel3</Pieces>
		<Pieces>GW_HPLabel4</Pieces>
		<Pieces>GW_HPPercLabel4</Pieces>
		<Pieces>GW_HPLabel5</Pieces>
		<Pieces>GW_HPPercLabel5</Pieces>
	</Screen>

</XML>