<?xml version="1.0" encoding="us-ascii"?> 
<XML ID="EQInterfaceDefinitionLanguage"> 
	<Schema xmlns="EverQuestData" xmlns:dt="EverQuestDataTypes" />

	<StaticAnimation item = "SDBW_BuffBackground0">
		<RelativePosition>true</RelativePosition>
			<Location>
				<X>175</X>
				<Y>1</Y>
			</Location>
           <Size>
              <CX>24</CX>
              <CY>124</CY>
           </Size>
		<Animation>Buff_BackgroundLong</Animation>
	</StaticAnimation>
	<StaticAnimation item = "SDBW_BuffBackground1">
		<RelativePosition>true</RelativePosition>
           <Location>
              <X>175</X>
              <Y>126</Y>
           </Location>
           <Size>
              <CX>24</CX>
              <CY>124</CY>
           </Size>
		<Animation>Buff_BackgroundLong</Animation>
	</StaticAnimation>
	<StaticAnimation item = "SDBW_BuffBackground2">
		<RelativePosition>true</RelativePosition>
			<Location>
				<X>175</X>
				<Y>251</Y>
			</Location>
           <Size>
              <CX>24</CX>
              <CY>48</CY>
           </Size>
		<Animation>Buff_BackgroundShort</Animation>
	</StaticAnimation>
	
	<Label item="SDBW_Number0Label">
		<ScreenID>SDBW_Number0Label</ScreenID>
		<Font>1</Font>
		<RelativePosition>true</RelativePosition>
		<Location>
			<X>175</X>
			<Y>7</Y>
		</Location>
		<Size>
			<CX>24</CX>
			<CY>12</CY>
		</Size>
		<Text>1</Text>
		<TextColor>
			<R>175</R>
			<G>175</G>
			<B>175</B>
		</TextColor>
		<NoWrap>false</NoWrap>
		<AlignCenter>true</AlignCenter>
		<AlignRight>false</AlignRight>
		<AlignLeft>false</AlignLeft>
	</Label>

	<Label item="SDBW_Number1Label">
		<ScreenID>SDBW_Number1Label</ScreenID>
		<Font>1</Font>
		<RelativePosition>true</RelativePosition>
		<Location>
			<X>175</X>
			<Y>32</Y>
		</Location>
		<Size>
			<CX>24</CX>
			<CY>12</CY>
		</Size>
		<Text>2</Text>
		<TextColor>
			<R>175</R>
			<G>175</G>
			<B>175</B>
		</TextColor>
		<NoWrap>false</NoWrap>
		<AlignCenter>true</AlignCenter>
		<AlignRight>false</AlignRight>
		<AlignLeft>false</AlignLeft>
	</Label>

	<Label item="SDBW_Number2Label">
		<ScreenID>SDBW_Number2Label</ScreenID>
		<Font>1</Font>
		<RelativePosition>true</RelativePosition>
		<Location>
			<X>175</X>
			<Y>57</Y>
		</Location>
		<Size>
			<CX>24</CX>
			<CY>12</CY>
		</Size>
		<Text>3</Text>
		<TextColor>
			<R>175</R>
			<G>175</G>
			<B>175</B>
		</TextColor>
		<NoWrap>false</NoWrap>
		<AlignCenter>true</AlignCenter>
		<AlignRight>false</AlignRight>
		<AlignLeft>false</AlignLeft>
	</Label>

	<Label item="SDBW_Number3Label">
		<ScreenID>SDBW_Number3Label</ScreenID>
		<Font>1</Font>
		<RelativePosition>true</RelativePosition>
		<Location>
			<X>175</X>
			<Y>82</Y>
		</Location>
		<Size>
			<CX>24</CX>
			<CY>12</CY>
		</Size>
		<Text>4</Text>
		<TextColor>
			<R>175</R>
			<G>175</G>
			<B>175</B>
		</TextColor>
		<NoWrap>false</NoWrap>
		<AlignCenter>true</AlignCenter>
		<AlignRight>false</AlignRight>
		<AlignLeft>false</AlignLeft>
	</Label>

	<Label item="SDBW_Number4Label">
		<ScreenID>SDBW_Number4Label</ScreenID>
		<Font>1</Font>
		<RelativePosition>true</RelativePosition>
		<Location>
			<X>175</X>
			<Y>107</Y>
		</Location>
		<Size>
			<CX>24</CX>
			<CY>12</CY>
		</Size>
		<Text>5</Text>
		<TextColor>
			<R>175</R>
			<G>175</G>
			<B>175</B>
		</TextColor>
		<NoWrap>false</NoWrap>
		<AlignCenter>true</AlignCenter>
		<AlignRight>false</AlignRight>
		<AlignLeft>false</AlignLeft>
	</Label>

	<Label item="SDBW_Number5Label">
		<ScreenID>SDBW_Number5Label</ScreenID>
		<Font>1</Font>
		<RelativePosition>true</RelativePosition>
		<Location>
			<X>175</X>
			<Y>132</Y>
		</Location>
		<Size>
			<CX>24</CX>
			<CY>12</CY>
		</Size>
		<Text>6</Text>
		<TextColor>
			<R>175</R>
			<G>175</G>
			<B>175</B>
		</TextColor>
		<NoWrap>false</NoWrap>
		<AlignCenter>true</AlignCenter>
		<AlignRight>false</AlignRight>
		<AlignLeft>false</AlignLeft>
	</Label>
	
	<Label item="SDBW_Number6Label">
		<ScreenID>SDBW_Number6Label</ScreenID>
		<Font>1</Font>
		<RelativePosition>true</RelativePosition>
		<Location>
			<X>175</X>
			<Y>157</Y>
		</Location>
		<Size>
			<CX>24</CX>
			<CY>12</CY>
		</Size>
		<Text>7</Text>
		<TextColor>
			<R>175</R>
			<G>175</G>
			<B>175</B>
		</TextColor>
		<NoWrap>false</NoWrap>
		<AlignCenter>true</AlignCenter>
		<AlignRight>false</AlignRight>
		<AlignLeft>false</AlignLeft>
	</Label>

	<Label item="SDBW_Number7Label">
		<ScreenID>SDBW_Number7Label</ScreenID>
		<Font>1</Font>
		<RelativePosition>true</RelativePosition>
		<Location>
			<X>175</X>
			<Y>182</Y>
		</Location>
		<Size>
			<CX>24</CX>
			<CY>12</CY>
		</Size>
		<Text>8</Text>
		<TextColor>
			<R>175</R>
			<G>175</G>
			<B>175</B>
		</TextColor>
		<NoWrap>false</NoWrap>
		<AlignCenter>true</AlignCenter>
		<AlignRight>false</AlignRight>
		<AlignLeft>false</AlignLeft>
	</Label>
	
	<Label item="SDBW_Number8Label">
		<ScreenID>SDBW_Number8Label</ScreenID>
		<Font>1</Font>
		<RelativePosition>true</RelativePosition>
		<Location>
			<X>175</X>
			<Y>207</Y>
		</Location>
		<Size>
			<CX>24</CX>
			<CY>12</CY>
		</Size>
		<Text>9</Text>
		<TextColor>
			<R>175</R>
			<G>175</G>
			<B>175</B>
		</TextColor>
		<NoWrap>false</NoWrap>
		<AlignCenter>true</AlignCenter>
		<AlignRight>false</AlignRight>
		<AlignLeft>false</AlignLeft>
	</Label>

	<Label item="SDBW_Number9Label">
		<ScreenID>SDBW_Number9Label</ScreenID>
		<Font>1</Font>
		<RelativePosition>true</RelativePosition>
		<Location>
			<X>175</X>
			<Y>232</Y>
		</Location>
		<Size>
			<CX>24</CX>
			<CY>12</CY>
		</Size>
		<Text>10</Text>
		<TextColor>
			<R>175</R>
			<G>175</G>
			<B>175</B>
		</TextColor>
		<NoWrap>false</NoWrap>
		<AlignCenter>true</AlignCenter>
		<AlignRight>false</AlignRight>
		<AlignLeft>false</AlignLeft>
	</Label>
	
	<Label item="SDBW_Number10Label">
		<ScreenID>SDBW_Number10Label</ScreenID>
		<Font>1</Font>
		<RelativePosition>true</RelativePosition>
		<Location>
			<X>175</X>
			<Y>257</Y>
		</Location>
		<Size>
			<CX>24</CX>
			<CY>12</CY>
		</Size>
		<Text>11</Text>
		<TextColor>
			<R>175</R>
			<G>175</G>
			<B>175</B>
		</TextColor>
		<NoWrap>false</NoWrap>
		<AlignCenter>true</AlignCenter>
		<AlignRight>false</AlignRight>
		<AlignLeft>false</AlignLeft>
	</Label>

	<Label item="SDBW_Number11Label">
		<ScreenID>SDBW_Number11Label</ScreenID>
		<Font>1</Font>
		<RelativePosition>true</RelativePosition>
		<Location>
			<X>175</X>
			<Y>282</Y>
		</Location>
		<Size>
			<CX>24</CX>
			<CY>12</CY>
		</Size>
		<Text>12</Text>
		<TextColor>
			<R>175</R>
			<G>175</G>
			<B>175</B>
		</TextColor>
		<NoWrap>false</NoWrap>
		<AlignCenter>true</AlignCenter>
		<AlignRight>false</AlignRight>
		<AlignLeft>false</AlignLeft>
	</Label>

	<Button item="SDBW_Buff0_Button">
		<ScreenID>Buff0</ScreenID>
		<RelativePosition>true</RelativePosition>
		<Size>
			<CX>24</CX>
			<CY>24</CY>
		</Size>
		<ButtonDrawTemplate>
			<Normal>BlueIconBackground</Normal>
			<NormalDecal>BuffIcons</NormalDecal>
		</ButtonDrawTemplate>
		<DecalOffset>
			<X>2</X>
			<Y>2</Y>
		</DecalOffset>
		<DecalSize>
			<CX>20</CX>
			<CY>20</CY>
		</DecalSize>
	</Button>
	<Button item="SDBW_Buff1_Button">
		<ScreenID>Buff1</ScreenID>
		<RelativePosition>true</RelativePosition>
		<Size>
			<CX>24</CX>
			<CY>24</CY>
		</Size>
		<ButtonDrawTemplate>
			<Normal>BlueIconBackground</Normal>
			<NormalDecal>BuffIcons</NormalDecal>
		</ButtonDrawTemplate>
		<DecalOffset>
			<X>2</X>
			<Y>2</Y>
		</DecalOffset>
		<DecalSize>
			<CX>20</CX>
			<CY>20</CY>
		</DecalSize>
	</Button>
	<Button item="SDBW_Buff2_Button">
		<ScreenID>Buff2</ScreenID>
		<RelativePosition>true</RelativePosition>
		<Size>
			<CX>24</CX>
			<CY>24</CY>
		</Size>
		<ButtonDrawTemplate>
			<Normal>BlueIconBackground</Normal>
			<NormalDecal>BuffIcons</NormalDecal>
		</ButtonDrawTemplate>
		<DecalOffset>
			<X>2</X>
			<Y>2</Y>
		</DecalOffset>
		<DecalSize>
			<CX>20</CX>
			<CY>20</CY>
		</DecalSize>
	</Button>
	<Button item="SDBW_Buff3_Button">
		<ScreenID>Buff3</ScreenID>
		<RelativePosition>true</RelativePosition>
		<Size>
			<CX>24</CX>
			<CY>24</CY>
		</Size>
		<ButtonDrawTemplate>
			<Normal>BlueIconBackground</Normal>
			<NormalDecal>BuffIcons</NormalDecal>
		</ButtonDrawTemplate>
		<DecalOffset>
			<X>2</X>
			<Y>2</Y>
		</DecalOffset>
		<DecalSize>
			<CX>20</CX>
			<CY>20</CY>
		</DecalSize>
	</Button>
	<Button item="SDBW_Buff4_Button">
		<ScreenID>Buff4</ScreenID>
		<RelativePosition>true</RelativePosition>
		<Size>
			<CX>24</CX>
			<CY>24</CY>
		</Size>
		<ButtonDrawTemplate>
			<Normal>BlueIconBackground</Normal>
			<NormalDecal>BuffIcons</NormalDecal>
		</ButtonDrawTemplate>
		<DecalOffset>
			<X>2</X>
			<Y>2</Y>
		</DecalOffset>
		<DecalSize>
			<CX>20</CX>
			<CY>20</CY>
		</DecalSize>
	</Button>
	<Button item="SDBW_Buff5_Button">
		<ScreenID>Buff5</ScreenID>
		<RelativePosition>true</RelativePosition>
		<Size>
			<CX>24</CX>
			<CY>24</CY>
		</Size>
		<ButtonDrawTemplate>
			<Normal>BlueIconBackground</Normal>
			<NormalDecal>BuffIcons</NormalDecal>
		</ButtonDrawTemplate>
		<DecalOffset>
			<X>2</X>
			<Y>2</Y>
		</DecalOffset>
		<DecalSize>
			<CX>20</CX>
			<CY>20</CY>
		</DecalSize>
	</Button>

	<Button item="SDBW_Buff6_Button">
		<ScreenID>Buff6</ScreenID>
		<RelativePosition>true</RelativePosition>
		<Size>
			<CX>24</CX>
			<CY>24</CY>
		</Size>
		<ButtonDrawTemplate>
			<Normal>BlueIconBackground</Normal>
			<NormalDecal>BuffIcons</NormalDecal>
		</ButtonDrawTemplate>
		<DecalOffset>
			<X>2</X>
			<Y>2</Y>
		</DecalOffset>
		<DecalSize>
			<CX>20</CX>
			<CY>20</CY>
		</DecalSize>
	</Button>
	
	<Button item="SDBW_Buff7_Button">
		<ScreenID>Buff7</ScreenID>
		<RelativePosition>true</RelativePosition>
		<Size>
			<CX>24</CX>
			<CY>24</CY>
		</Size>
		<ButtonDrawTemplate>
			<Normal>BlueIconBackground</Normal>
			<NormalDecal>BuffIcons</NormalDecal>
		</ButtonDrawTemplate>
		<DecalOffset>
			<X>2</X>
			<Y>2</Y>
		</DecalOffset>
		<DecalSize>
			<CX>20</CX>
			<CY>20</CY>
		</DecalSize>
	</Button>
	
	<Button item="SDBW_Buff8_Button">
		<ScreenID>Buff8</ScreenID>
		<RelativePosition>true</RelativePosition>
		<Size>
			<CX>24</CX>
			<CY>24</CY>
		</Size>
		<ButtonDrawTemplate>
			<Normal>BlueIconBackground</Normal>
			<NormalDecal>BuffIcons</NormalDecal>
		</ButtonDrawTemplate>
		<DecalOffset>
			<X>2</X>
			<Y>2</Y>
		</DecalOffset>
		<DecalSize>
			<CX>20</CX>
			<CY>20</CY>
		</DecalSize>
	</Button>
	
	<Button item="SDBW_Buff9_Button">
		<ScreenID>Buff9</ScreenID>
		<RelativePosition>true</RelativePosition>
		<Size>
			<CX>24</CX>
			<CY>24</CY>
		</Size>
		<ButtonDrawTemplate>
			<Normal>BlueIconBackground</Normal>
			<NormalDecal>BuffIcons</NormalDecal>
		</ButtonDrawTemplate>
		<DecalOffset>
			<X>2</X>
			<Y>2</Y>
		</DecalOffset>
		<DecalSize>
			<CX>20</CX>
			<CY>20</CY>
		</DecalSize>
	</Button>
	
	<Button item="SDBW_Buff10_Button">
		<ScreenID>Buff10</ScreenID>
		<RelativePosition>true</RelativePosition>
		<Size>
			<CX>24</CX>
			<CY>24</CY>
		</Size>
		<ButtonDrawTemplate>
			<Normal>BlueIconBackground</Normal>
			<NormalDecal>BuffIcons</NormalDecal>
		</ButtonDrawTemplate>
		<DecalOffset>
			<X>2</X>
			<Y>2</Y>
		</DecalOffset>
		<DecalSize>
			<CX>20</CX>
			<CY>20</CY>
		</DecalSize>
	</Button>
	
	<Button item="SDBW_Buff11_Button">
		<ScreenID>Buff11</ScreenID>
		<RelativePosition>true</RelativePosition>
		<Size>
			<CX>24</CX>
			<CY>24</CY>
		</Size>
		<ButtonDrawTemplate>
			<Normal>BlueIconBackground</Normal>
			<NormalDecal>BuffIcons</NormalDecal>
		</ButtonDrawTemplate>
		<DecalOffset>
			<X>2</X>
			<Y>2</Y>
		</DecalOffset>
		<DecalSize>
			<CX>20</CX>
			<CY>20</CY>
		</DecalSize>
	</Button>

	<Label item ="SDBW_Buff0_Label">
		<ScreenID>Buff0Label</ScreenID>
		<EQType>600</EQType>
		<Font>1</Font>
		<RelativePosition>true</RelativePosition>
        <Location>
			<X>30</X>
			<Y>6</Y>
        </Location>
		<Size>
			<CX>142</CX>
			<CY>12</CY>
		</Size>
		<Text></Text>
		<TextColor>
				<R>240</R>
				<G>240</G>
				<B>0</B>
		</TextColor>
		<NoWrap>true</NoWrap>
		<AlignCenter>false</AlignCenter>
		<AlignRight>true</AlignRight>
	</Label>
	<Label item ="SDBW_Buff1_Label">
		<ScreenID>Buff1Label</ScreenID>
		<EQType>601</EQType>
		<Font>1</Font>
		<RelativePosition>true</RelativePosition>
        <Location>
			<X>30</X>
			<Y>31</Y>
        </Location>
		<Size>
			<CX>142</CX>
			<CY>12</CY>
		</Size>
		<Text></Text>
		<TextColor>
				<R>240</R>
				<G>240</G>
				<B>0</B>
		</TextColor>
		<NoWrap>true</NoWrap>
		<AlignCenter>false</AlignCenter>
		<AlignRight>true</AlignRight>
	</Label>
	<Label item ="SDBW_Buff2_Label">
		<ScreenID>Buff2Label</ScreenID>
		<EQType>602</EQType>
		<Font>1</Font>
		<RelativePosition>true</RelativePosition>
        <Location>
			<X>30</X>
			<Y>56</Y>
        </Location>
		<Size>
			<CX>142</CX>
			<CY>12</CY>
		</Size>
		<Text></Text>
		<TextColor>
				<R>240</R>
				<G>240</G>
				<B>0</B>
		</TextColor>
		<NoWrap>true</NoWrap>
		<AlignCenter>false</AlignCenter>
		<AlignRight>true</AlignRight>
	</Label>
	<Label item ="SDBW_Buff3_Label">
		<ScreenID>Buff3Label</ScreenID>
		<EQType>603</EQType>
		<Font>1</Font>
		<RelativePosition>true</RelativePosition>
        <Location>
			<X>30</X>
			<Y>81</Y>
        </Location>
		<Size>
			<CX>142</CX>
			<CY>12</CY>
		</Size>
		<Text></Text>
		<TextColor>
				<R>240</R>
				<G>240</G>
				<B>0</B>
		</TextColor>
		<NoWrap>true</NoWrap>
		<AlignCenter>false</AlignCenter>
		<AlignRight>true</AlignRight>
	</Label>
	<Label item ="SDBW_Buff4_Label">
		<ScreenID>Buff4Label</ScreenID>
		<EQType>604</EQType>
		<Font>1</Font>
		<RelativePosition>true</RelativePosition>
        <Location>
			<X>30</X>
			<Y>106</Y>
        </Location>
		<Size>
			<CX>142</CX>
			<CY>12</CY>
		</Size>
		<Text></Text>
		<TextColor>
				<R>240</R>
				<G>240</G>
				<B>0</B>
		</TextColor>
		<NoWrap>true</NoWrap>
		<AlignCenter>false</AlignCenter>
		<AlignRight>true</AlignRight>
	</Label>
	<Label item ="SDBW_Buff5_Label">
		<ScreenID>Buff5Label</ScreenID>
		<EQType>605</EQType>
		<Font>1</Font>
		<RelativePosition>true</RelativePosition>
        <Location>
			<X>30</X>
			<Y>131</Y>
        </Location>
		<Size>
			<CX>142</CX>
			<CY>12</CY>
		</Size>
		<Text></Text>
		<TextColor>
				<R>240</R>
				<G>240</G>
				<B>0</B>
		</TextColor>
		<NoWrap>true</NoWrap>
		<AlignCenter>false</AlignCenter>
		<AlignRight>true</AlignRight>
	</Label>
	<Label item ="SDBW_Buff6_Label">
		<ScreenID>Buff6Label</ScreenID>
		<EQType>606</EQType>
		<Font>1</Font>
		<RelativePosition>true</RelativePosition>
        <Location>
			<X>30</X>
			<Y>156</Y>
        </Location>
		<Size>
			<CX>142</CX>
			<CY>12</CY>
		</Size>
		<Text></Text>
		<TextColor>
				<R>240</R>
				<G>240</G>
				<B>0</B>
		</TextColor>
		<NoWrap>true</NoWrap>
		<AlignCenter>false</AlignCenter>
		<AlignRight>true</AlignRight>
	</Label>
	<Label item ="SDBW_Buff7_Label">
		<ScreenID>Buff7Label</ScreenID>
		<EQType>607</EQType>
		<Font>1</Font>
		<RelativePosition>true</RelativePosition>
        <Location>
			<X>30</X>
			<Y>181</Y>
        </Location>
		<Size>
			<CX>142</CX>
			<CY>12</CY>
		</Size>
		<Text></Text>
		<TextColor>
				<R>240</R>
				<G>240</G>
				<B>0</B>
		</TextColor>
		<NoWrap>true</NoWrap>
		<AlignCenter>false</AlignCenter>
		<AlignRight>true</AlignRight>
	</Label>
	<Label item ="SDBW_Buff8_Label">
		<ScreenID>Buff8Label</ScreenID>
		<EQType>608</EQType>
		<Font>1</Font>
		<RelativePosition>true</RelativePosition>
        <Location>
			<X>30</X>
			<Y>206</Y>
        </Location>
		<Size>
			<CX>142</CX>
			<CY>12</CY>
		</Size>
		<Text></Text>
		<TextColor>
				<R>240</R>
				<G>240</G>
				<B>0</B>
		</TextColor>
		<NoWrap>true</NoWrap>
		<AlignCenter>false</AlignCenter>
		<AlignRight>true</AlignRight>
	</Label>
	<Label item ="SDBW_Buff9_Label">
		<ScreenID>Buff9Label</ScreenID>
		<EQType>609</EQType>
		<Font>1</Font>
		<RelativePosition>true</RelativePosition>
        <Location>
			<X>30</X>
			<Y>231</Y>
        </Location>
		<Size>
			<CX>142</CX>
			<CY>12</CY>
		</Size>
		<Text></Text>
		<TextColor>
				<R>240</R>
				<G>240</G>
				<B>0</B>
		</TextColor>
		<NoWrap>true</NoWrap>
		<AlignCenter>false</AlignCenter>
		<AlignRight>true</AlignRight>
	</Label>	
	<Label item ="SDBW_Buff10_Label">
		<ScreenID>Buff10Label</ScreenID>
		<EQType>610</EQType>
		<Font>1</Font>
		<RelativePosition>true</RelativePosition>
        <Location>
			<X>30</X>
			<Y>256</Y>
        </Location>
		<Size>
			<CX>142</CX>
			<CY>12</CY>
		</Size>
		<Text></Text>
		<TextColor>
				<R>240</R>
				<G>240</G>
				<B>0</B>
		</TextColor>
		<NoWrap>true</NoWrap>
		<AlignCenter>false</AlignCenter>
		<AlignRight>true</AlignRight>
	</Label>
	<Label item ="SDBW_Buff11_Label">
		<ScreenID>Buff11Label</ScreenID>
		<EQType>611</EQType>
		<Font>1</Font>
		<RelativePosition>true</RelativePosition>
        <Location>
			<X>30</X>
			<Y>281</Y>
        </Location>
		<Size>
			<CX>142</CX>
			<CY>12</CY>
		</Size>
		<Text></Text>
		<TextColor>
				<R>240</R>
				<G>240</G>
				<B>0</B>
		</TextColor>
		<NoWrap>true</NoWrap>
		<AlignCenter>false</AlignCenter>
		<AlignRight>true</AlignRight>
	</Label>
	
	<Screen item="ShortDurationBuffWindow">
		<Text>Songs</Text>
		<RelativePosition>false</RelativePosition>
		<Location>
			<X>415</X>
			<Y>395</Y>
		</Location>
		<Size>
			<CX>200</CX>
			<CY>151</CY>
		</Size>
		<Style_VScroll>false</Style_VScroll>
		<Style_HScroll>false</Style_HScroll>
		<Style_Transparent>true</Style_Transparent>
		<!--<TooltipReference/>-->
		<DrawTemplate>WDT_RoundedNoTitle</DrawTemplate>
		<Style_Titlebar>false</Style_Titlebar>
		<Style_Closebox>false</Style_Closebox>
		<Style_Minimizebox>false</Style_Minimizebox>
		<Style_Border>false</Style_Border>
		<Style_Sizable>false</Style_Sizable>
		<Pieces>SDBW_BuffBackground0</Pieces>
		<Pieces>SDBW_BuffBackground1</Pieces>
		<Pieces>SDBW_BuffBackground2</Pieces>
		<Pieces>SDBW_Number0Label</Pieces>
		<Pieces>SDBW_Number1Label</Pieces>		
		<Pieces>SDBW_Number2Label</Pieces>
		<Pieces>SDBW_Number3Label</Pieces>
		<Pieces>SDBW_Number4Label</Pieces>
		<Pieces>SDBW_Number5Label</Pieces>
		<Pieces>SDBW_Number6Label</Pieces>
		<Pieces>SDBW_Number7Label</Pieces>		
		<Pieces>SDBW_Number8Label</Pieces>
		<Pieces>SDBW_Number9Label</Pieces>
		<Pieces>SDBW_Number10Label</Pieces>
		<Pieces>SDBW_Number11Label</Pieces>
       	<Pieces>SDBW_Buff0_Button</Pieces>
       	<Pieces>SDBW_Buff1_Button</Pieces>
       	<Pieces>SDBW_Buff2_Button</Pieces>
       	<Pieces>SDBW_Buff3_Button</Pieces>
       	<Pieces>SDBW_Buff4_Button</Pieces>
       	<Pieces>SDBW_Buff5_Button</Pieces>
       	<Pieces>SDBW_Buff6_Button</Pieces>
       	<Pieces>SDBW_Buff7_Button</Pieces>
       	<Pieces>SDBW_Buff8_Button</Pieces>
       	<Pieces>SDBW_Buff9_Button</Pieces>
       	<Pieces>SDBW_Buff10_Button</Pieces>
       	<Pieces>SDBW_Buff11_Button</Pieces>
		<Pieces>SDBW_Buff0_Label</Pieces>
		<Pieces>SDBW_Buff1_Label</Pieces>
		<Pieces>SDBW_Buff2_Label</Pieces>
		<Pieces>SDBW_Buff3_Label</Pieces>
		<Pieces>SDBW_Buff4_Label</Pieces>
		<Pieces>SDBW_Buff5_Label</Pieces>
		<Pieces>SDBW_Buff6_Label</Pieces>
		<Pieces>SDBW_Buff7_Label</Pieces>
		<Pieces>SDBW_Buff8_Label</Pieces>
		<Pieces>SDBW_Buff9_Label</Pieces>
		<Pieces>SDBW_Buff10_Label</Pieces>
		<Pieces>SDBW_Buff11_Label</Pieces>
	</Screen>
</XML>
