<?xml version="1.0" encoding="us-ascii"?>
<XML ID="EQInterfaceDefinitionLanguage">
  <Schema xmlns="EverQuestData" xmlns:dt="EverQuestDataTypes" />

  <!-- Image for an EQ map, move to EQUI_Animations at some point -->
  <TextureInfo item="cart01.tga">
    <Size>
      <CX>256</CX>
      <CY>256</CY>
    </Size>
  </TextureInfo>
  <TextureInfo item="cart02.tga">
    <Size>
      <CX>256</CX>
      <CY>256</CY>
    </Size>
  </TextureInfo>
  <TextureInfo item="cart03.tga">
    <Size>
      <CX>256</CX>
      <CY>256</CY>
    </Size>
  </TextureInfo>
  <TextureInfo item="cart04.tga">
    <Size>
      <CX>256</CX>
      <CY>256</CY>
    </Size>
  </TextureInfo>
  <Ui2DAnimation item="A_MapPiece01">
    <Cycle>false</Cycle>
    <Frames>
      <Texture>cart01.tga</Texture>
      <Location>
        <X>0</X>
        <Y>0</Y>
      </Location>
      <Size>
        <CX>255</CX>
        <CY>255</CY>
      </Size>
      <Hotspot>
        <X>0</X>
        <Y>0</Y>
      </Hotspot>
    </Frames>
  </Ui2DAnimation>
  <Ui2DAnimation item="A_MapPiece02">
    <Cycle>false</Cycle>
    <Frames>
      <Texture>cart02.tga</Texture>
      <Location>
        <X>0</X>
        <Y>0</Y>
      </Location>
      <Size>
        <CX>256</CX>
        <CY>255</CY>
      </Size>
      <Hotspot>
        <X>0</X>
        <Y>0</Y>
      </Hotspot>
    </Frames>
  </Ui2DAnimation>
  <Ui2DAnimation item="A_MapPiece03">
    <Cycle>false</Cycle>
    <Frames>
      <Texture>cart03.tga</Texture>
      <Location>
        <X>0</X>
        <Y>0</Y>
      </Location>
      <Size>
        <CX>255</CX>
        <CY>144</CY>
      </Size>
      <Hotspot>
        <X>0</X>
        <Y>0</Y>
      </Hotspot>
    </Frames>
  </Ui2DAnimation>
  <Ui2DAnimation item="A_MapPiece04">
    <Cycle>false</Cycle>
    <Frames>
      <Texture>cart04.tga</Texture>
      <Location>
        <X>0</X>
        <Y>0</Y>
      </Location>
      <Size>
        <CX>256</CX>
        <CY>144</CY>
      </Size>
      <Hotspot>
        <X>0</X>
        <Y>0</Y>
      </Hotspot>
    </Frames>
  </Ui2DAnimation>
  <Ui2DAnimation item="A_ToolbarButtonNormal">
    <Cycle>false</Cycle>
    <Frames>
      <Texture>window_pieces04.tga</Texture>
      <Location>
        <X>0</X>
        <Y>100</Y>
      </Location>
      <Size>
        <CX>22</CX>
        <CY>22</CY>
      </Size>
      <Hotspot>
        <X>0</X>
        <Y>0</Y>
      </Hotspot>
    </Frames>
  </Ui2DAnimation>
  <Ui2DAnimation item="A_ToolbarButtonFlyby">
    <Cycle>false</Cycle>
    <Frames>
      <Texture>window_pieces04.tga</Texture>
      <Location>
        <X>22</X>
        <Y>100</Y>
      </Location>
      <Size>
        <CX>22</CX>
        <CY>22</CY>
      </Size>
      <Hotspot>
        <X>0</X>
        <Y>0</Y>
      </Hotspot>
    </Frames>
  </Ui2DAnimation>
  <Ui2DAnimation item="A_ToolbarButtonPressed">
    <Cycle>false</Cycle>
    <Frames>
      <Texture>window_pieces04.tga</Texture>
      <Location>
        <X>44</X>
        <Y>100</Y>
      </Location>
      <Size>
        <CX>22</CX>
        <CY>22</CY>
      </Size>
      <Hotspot>
        <X>0</X>
        <Y>0</Y>
      </Hotspot>
    </Frames>
  </Ui2DAnimation>
  <Ui2DAnimation item="A_ToolbarButtonPressedFlyby">
    <Cycle>false</Cycle>
    <Frames>
      <Texture>window_pieces04.tga</Texture>
      <Location>
        <X>66</X>
        <Y>100</Y>
      </Location>
      <Size>
        <CX>22</CX>
        <CY>22</CY>
      </Size>
      <Hotspot>
        <X>0</X>
        <Y>0</Y>
      </Hotspot>
    </Frames>
  </Ui2DAnimation>
  <Ui2DAnimation item="A_ZoomInButtonNormal">
    <Cycle>false</Cycle>
    <Frames>
      <Texture>window_pieces04.tga</Texture>
      <Location>
        <X>0</X>
        <Y>122</Y>
      </Location>
      <Size>
        <CX>22</CX>
        <CY>22</CY>
      </Size>
      <Hotspot>
        <X>0</X>
        <Y>0</Y>
      </Hotspot>
    </Frames>
  </Ui2DAnimation>
  <Ui2DAnimation item="A_ZoomInButtonFlyby">
    <Cycle>false</Cycle>
    <Frames>
      <Texture>window_pieces04.tga</Texture>
      <Location>
        <X>22</X>
        <Y>122</Y>
      </Location>
      <Size>
        <CX>22</CX>
        <CY>22</CY>
      </Size>
      <Hotspot>
        <X>0</X>
        <Y>0</Y>
      </Hotspot>
    </Frames>
  </Ui2DAnimation>
  <Ui2DAnimation item="A_ZoomInButtonPressed">
    <Cycle>false</Cycle>
    <Frames>
      <Texture>window_pieces04.tga</Texture>
      <Location>
        <X>44</X>
        <Y>122</Y>
      </Location>
      <Size>
        <CX>22</CX>
        <CY>22</CY>
      </Size>
      <Hotspot>
        <X>0</X>
        <Y>0</Y>
      </Hotspot>
    </Frames>
  </Ui2DAnimation>
  <Ui2DAnimation item="A_ZoomInButtonPressedFlyby">
    <Cycle>false</Cycle>
    <Frames>
      <Texture>window_pieces04.tga</Texture>
      <Location>
        <X>66</X>
        <Y>122</Y>
      </Location>
      <Size>
        <CX>22</CX>
        <CY>22</CY>
      </Size>
      <Hotspot>
        <X>0</X>
        <Y>0</Y>
      </Hotspot>
    </Frames>
  </Ui2DAnimation>
  <Ui2DAnimation item="A_ZoomOutButtonNormal">
    <Cycle>false</Cycle>
    <Frames>
      <Texture>window_pieces04.tga</Texture>
      <Location>
        <X>0</X>
        <Y>144</Y>
      </Location>
      <Size>
        <CX>22</CX>
        <CY>22</CY>
      </Size>
      <Hotspot>
        <X>0</X>
        <Y>0</Y>
      </Hotspot>
    </Frames>
  </Ui2DAnimation>
  <Ui2DAnimation item="A_ZoomOutButtonFlyby">
    <Cycle>false</Cycle>
    <Frames>
      <Texture>window_pieces04.tga</Texture>
      <Location>
        <X>22</X>
        <Y>144</Y>
      </Location>
      <Size>
        <CX>22</CX>
        <CY>22</CY>
      </Size>
      <Hotspot>
        <X>0</X>
        <Y>0</Y>
      </Hotspot>
    </Frames>
  </Ui2DAnimation>
  <Ui2DAnimation item="A_ZoomOutButtonPressed">
    <Cycle>false</Cycle>
    <Frames>
      <Texture>window_pieces04.tga</Texture>
      <Location>
        <X>44</X>
        <Y>144</Y>
      </Location>
      <Size>
        <CX>22</CX>
        <CY>22</CY>
      </Size>
      <Hotspot>
        <X>0</X>
        <Y>0</Y>
      </Hotspot>
    </Frames>
  </Ui2DAnimation>
  <Ui2DAnimation item="A_ZoomOutButtonPressedFlyby">
    <Cycle>false</Cycle>
    <Frames>
      <Texture>window_pieces04.tga</Texture>
      <Location>
        <X>66</X>
        <Y>144</Y>
      </Location>
      <Size>
        <CX>22</CX>
        <CY>22</CY>
      </Size>
      <Hotspot>
        <X>0</X>
        <Y>0</Y>
      </Hotspot>
    </Frames>
  </Ui2DAnimation>
  <Ui2DAnimation item="A_PanUpButtonNormal">
    <Cycle>false</Cycle>
    <Frames>
      <Texture>window_pieces04.tga</Texture>
      <Location>
        <X>0</X>
        <Y>166</Y>
      </Location>
      <Size>
        <CX>22</CX>
        <CY>22</CY>
      </Size>
      <Hotspot>
        <X>0</X>
        <Y>0</Y>
      </Hotspot>
    </Frames>
  </Ui2DAnimation>
  <Ui2DAnimation item="A_PanUpButtonFlyby">
    <Cycle>false</Cycle>
    <Frames>
      <Texture>window_pieces04.tga</Texture>
      <Location>
        <X>22</X>
        <Y>166</Y>
      </Location>
      <Size>
        <CX>22</CX>
        <CY>22</CY>
      </Size>
      <Hotspot>
        <X>0</X>
        <Y>0</Y>
      </Hotspot>
    </Frames>
  </Ui2DAnimation>
  <Ui2DAnimation item="A_PanUpButtonPressed">
    <Cycle>false</Cycle>
    <Frames>
      <Texture>window_pieces04.tga</Texture>
      <Location>
        <X>44</X>
        <Y>166</Y>
      </Location>
      <Size>
        <CX>22</CX>
        <CY>22</CY>
      </Size>
      <Hotspot>
        <X>0</X>
        <Y>0</Y>
      </Hotspot>
    </Frames>
  </Ui2DAnimation>
  <Ui2DAnimation item="A_PanUpButtonPressedFlyby">
    <Cycle>false</Cycle>
    <Frames>
      <Texture>window_pieces04.tga</Texture>
      <Location>
        <X>66</X>
        <Y>166</Y>
      </Location>
      <Size>
        <CX>22</CX>
        <CY>22</CY>
      </Size>
      <Hotspot>
        <X>0</X>
        <Y>0</Y>
      </Hotspot>
    </Frames>
  </Ui2DAnimation>
  <Ui2DAnimation item="A_PanDownButtonNormal">
    <Cycle>false</Cycle>
    <Frames>
      <Texture>window_pieces04.tga</Texture>
      <Location>
        <X>0</X>
        <Y>188</Y>
      </Location>
      <Size>
        <CX>22</CX>
        <CY>22</CY>
      </Size>
      <Hotspot>
        <X>0</X>
        <Y>0</Y>
      </Hotspot>
    </Frames>
  </Ui2DAnimation>
  <Ui2DAnimation item="A_PanDownButtonFlyby">
    <Cycle>false</Cycle>
    <Frames>
      <Texture>window_pieces04.tga</Texture>
      <Location>
        <X>22</X>
        <Y>188</Y>
      </Location>
      <Size>
        <CX>22</CX>
        <CY>22</CY>
      </Size>
      <Hotspot>
        <X>0</X>
        <Y>0</Y>
      </Hotspot>
    </Frames>
  </Ui2DAnimation>
  <Ui2DAnimation item="A_PanDownButtonPressed">
    <Cycle>false</Cycle>
    <Frames>
      <Texture>window_pieces04.tga</Texture>
      <Location>
        <X>44</X>
        <Y>188</Y>
      </Location>
      <Size>
        <CX>22</CX>
        <CY>22</CY>
      </Size>
      <Hotspot>
        <X>0</X>
        <Y>0</Y>
      </Hotspot>
    </Frames>
  </Ui2DAnimation>
  <Ui2DAnimation item="A_PanDownButtonPressedFlyby">
    <Cycle>false</Cycle>
    <Frames>
      <Texture>window_pieces04.tga</Texture>
      <Location>
        <X>66</X>
        <Y>188</Y>
      </Location>
      <Size>
        <CX>22</CX>
        <CY>22</CY>
      </Size>
      <Hotspot>
        <X>0</X>
        <Y>0</Y>
      </Hotspot>
    </Frames>
  </Ui2DAnimation>
  <Ui2DAnimation item="A_PanRightButtonNormal">
    <Cycle>false</Cycle>
    <Frames>
      <Texture>window_pieces04.tga</Texture>
      <Location>
        <X>0</X>
        <Y>210</Y>
      </Location>
      <Size>
        <CX>22</CX>
        <CY>22</CY>
      </Size>
      <Hotspot>
        <X>0</X>
        <Y>0</Y>
      </Hotspot>
    </Frames>
  </Ui2DAnimation>
  <Ui2DAnimation item="A_PanRightButtonFlyby">
    <Cycle>false</Cycle>
    <Frames>
      <Texture>window_pieces04.tga</Texture>
      <Location>
        <X>22</X>
        <Y>210</Y>
      </Location>
      <Size>
        <CX>22</CX>
        <CY>22</CY>
      </Size>
      <Hotspot>
        <X>0</X>
        <Y>0</Y>
      </Hotspot>
    </Frames>
  </Ui2DAnimation>
  <Ui2DAnimation item="A_PanRightButtonPressed">
    <Cycle>false</Cycle>
    <Frames>
      <Texture>window_pieces04.tga</Texture>
      <Location>
        <X>44</X>
        <Y>210</Y>
      </Location>
      <Size>
        <CX>22</CX>
        <CY>22</CY>
      </Size>
      <Hotspot>
        <X>0</X>
        <Y>0</Y>
      </Hotspot>
    </Frames>
  </Ui2DAnimation>
  <Ui2DAnimation item="A_PanRightButtonPressedFlyby">
    <Cycle>false</Cycle>
    <Frames>
      <Texture>window_pieces04.tga</Texture>
      <Location>
        <X>66</X>
        <Y>210</Y>
      </Location>
      <Size>
        <CX>22</CX>
        <CY>22</CY>
      </Size>
      <Hotspot>
        <X>0</X>
        <Y>0</Y>
      </Hotspot>
    </Frames>
  </Ui2DAnimation>
  <Ui2DAnimation item="A_PanLeftButtonNormal">
    <Cycle>false</Cycle>
    <Frames>
      <Texture>window_pieces04.tga</Texture>
      <Location>
        <X>0</X>
        <Y>232</Y>
      </Location>
      <Size>
        <CX>22</CX>
        <CY>22</CY>
      </Size>
      <Hotspot>
        <X>0</X>
        <Y>0</Y>
      </Hotspot>
    </Frames>
  </Ui2DAnimation>
  <Ui2DAnimation item="A_PanLeftButtonFlyby">
    <Cycle>false</Cycle>
    <Frames>
      <Texture>window_pieces04.tga</Texture>
      <Location>
        <X>22</X>
        <Y>232</Y>
      </Location>
      <Size>
        <CX>22</CX>
        <CY>22</CY>
      </Size>
      <Hotspot>
        <X>0</X>
        <Y>0</Y>
      </Hotspot>
    </Frames>
  </Ui2DAnimation>
  <Ui2DAnimation item="A_PanLeftButtonPressed">
    <Cycle>false</Cycle>
    <Frames>
      <Texture>window_pieces04.tga</Texture>
      <Location>
        <X>44</X>
        <Y>232</Y>
      </Location>
      <Size>
        <CX>22</CX>
        <CY>22</CY>
      </Size>
      <Hotspot>
        <X>0</X>
        <Y>0</Y>
      </Hotspot>
    </Frames>
  </Ui2DAnimation>
  <Ui2DAnimation item="A_PanLeftButtonPressedFlyby">
    <Cycle>false</Cycle>
    <Frames>
      <Texture>window_pieces04.tga</Texture>
      <Location>
        <X>66</X>
        <Y>232</Y>
      </Location>
      <Size>
        <CX>22</CX>
        <CY>22</CY>
      </Size>
      <Hotspot>
        <X>0</X>
        <Y>0</Y>
      </Hotspot>
    </Frames>
  </Ui2DAnimation>

    <!-- Map background -->
  <Screen item="MVW_MapRenderArea">
    <ScreenID>MVW_MapRenderArea</ScreenID>
    <RelativePosition>true</RelativePosition>
    <Location>
      <X>5</X>
      <Y>5</Y>
    </Location>
    <Size>
      <CX>497</CX>
      <CY>390</CY>
    </Size>
    <Style_VScroll>false</Style_VScroll>
    <Style_HScroll>false</Style_HScroll>
    <Style_Transparent>true</Style_Transparent>
  </Screen>
  <StaticAnimation item="MVW_MapPiece1">
    <ScreenID>MapPiece1</ScreenID>
    <RelativePosition>true</RelativePosition>
    <Location>
      <X>0</X>
      <Y>0</Y>
    </Location>
    <Size>
      <CX>256</CX>
      <CY>256</CY>
    </Size>
    <Animation>A_MapPiece01</Animation>
  </StaticAnimation>
  <StaticAnimation item="MVW_MapPiece2">
    <ScreenID>MapPiece2</ScreenID>
    <RelativePosition>true</RelativePosition>
    <Location>
      <X>256</X>
      <Y>0</Y>
    </Location>
    <Size>
      <CX>256</CX>
      <CY>256</CY>
    </Size>
    <Animation>A_MapPiece02</Animation>
  </StaticAnimation>
  <StaticAnimation item="MVW_MapPiece3">
    <ScreenID>MapPiece3</ScreenID>
    <RelativePosition>true</RelativePosition>
    <Location>
      <X>0</X>
      <Y>256</Y>
    </Location>
    <Size>
      <CX>256</CX>
      <CY>144</CY>
    </Size>
    <Animation>A_MapPiece03</Animation>
  </StaticAnimation>
  <StaticAnimation item="MVW_MapPiece4">
    <ScreenID>MapPiece4</ScreenID>
    <RelativePosition>true</RelativePosition>
    <Location>
      <X>256</X>
      <Y>256</Y>
    </Location>
    <Size>
      <CX>256</CX>
      <CY>144</CY>
    </Size>
    <Animation>A_MapPiece04</Animation>
  </StaticAnimation>
  
  <Button item="MVW_ToolbarButton">
    <ScreenID>MVW_ToolbarButton</ScreenID>
    <RelativePosition>true</RelativePosition>
    <Location>
      <X>5</X>
      <Y>405</Y>
    </Location>
    <Size>
      <CX>20</CX>
      <CY>20</CY>
    </Size>
    <Style_Transparent>false</Style_Transparent>
    <Style_Checkbox>false</Style_Checkbox>
    <TextColor>
      <R>255</R>
      <G>255</G>
      <B>255</B>
    </TextColor>
    <ButtonDrawTemplate>
      <Normal>A_ToolbarButtonNormal</Normal>
      <Pressed>A_ToolbarButtonPressed</Pressed>
      <Flyby>A_ToolbarButtonFlyby</Flyby>
      <Disabled>A_ToolbarButtonNormal</Disabled>
      <PressedFlyby>A_ToolbarButtonPressedFlyby</PressedFlyby>
    </ButtonDrawTemplate>
    <TooltipReference>Pop up the Toolbar Window.</TooltipReference>
  </Button>

  <Button item="MVW_PanLeftButton">
    <ScreenID>MVW_PanLeftButton</ScreenID>
    <RelativePosition>true</RelativePosition>
    <Location>
      <X>50</X>
      <Y>405</Y>
	</Location>
    <Size>
      <CX>20</CX>
      <CY>20</CY>
    </Size>
    <Style_Transparent>false</Style_Transparent>
    <Style_Checkbox>false</Style_Checkbox>
    <ButtonDrawTemplate>
      <Normal>A_PanLeftButtonNormal</Normal>
      <Pressed>A_PanLeftButtonPressed</Pressed>
      <Flyby>A_PanLeftButtonFlyby</Flyby>
      <Disabled>A_PanLeftButtonNormal</Disabled>
      <PressedFlyby>A_PanLeftButtonPressedFlyby</PressedFlyby>
    </ButtonDrawTemplate>
  </Button>
  <Button item="MVW_PanRightButton">
    <ScreenID>MVW_PanRightButton</ScreenID>
    <RelativePosition>true</RelativePosition>
    <Location>
      <X>75</X>
      <Y>405</Y>
    </Location>
    <Size>
      <CX>20</CX>
      <CY>20</CY>
    </Size>
    <Style_Transparent>false</Style_Transparent>
    <Style_Checkbox>false</Style_Checkbox>
    <ButtonDrawTemplate>
      <Normal>A_PanRightButtonNormal</Normal>
      <Pressed>A_PanRightButtonPressed</Pressed>
      <Flyby>A_PanRightButtonFlyby</Flyby>
      <Disabled>A_PanRightButtonNormal</Disabled>
      <PressedFlyby>A_PanRightButtonPressedFlyby</PressedFlyby>
    </ButtonDrawTemplate>
  </Button>
  <Button item="MVW_PanUpButton">
    <ScreenID>MVW_PanUpButton</ScreenID>
    <RelativePosition>true</RelativePosition>
    <Location>
      <X>100</X>
      <Y>405</Y>
    </Location>
    <Size>
      <CX>20</CX>
      <CY>20</CY>
    </Size>
    <Style_Transparent>false</Style_Transparent>
    <Style_Checkbox>false</Style_Checkbox>
    <ButtonDrawTemplate>
      <Normal>A_PanUpButtonNormal</Normal>
      <Pressed>A_PanUpButtonPressed</Pressed>
      <Flyby>A_PanUpButtonFlyby</Flyby>
      <Disabled>A_PanUpButtonNormal</Disabled>
      <PressedFlyby>A_PanUpButtonPressedFlyby</PressedFlyby>
    </ButtonDrawTemplate>
  </Button>
  <Button item="MVW_PanDownButton">
    <ScreenID>MVW_PanDownButton</ScreenID>
    <RelativePosition>true</RelativePosition>
    <Location>
      <X>125</X>
      <Y>405</Y>
    </Location>
    <Size>
      <CX>20</CX>
      <CY>20</CY>
    </Size>
    <Style_Transparent>false</Style_Transparent>
    <Style_Checkbox>false</Style_Checkbox>
    <ButtonDrawTemplate>
      <Normal>A_PanDownButtonNormal</Normal>
      <Pressed>A_PanDownButtonPressed</Pressed>
      <Flyby>A_PanDownButtonFlyby</Flyby>
      <Disabled>A_PanDownButtonNormal</Disabled>
      <PressedFlyby>A_PanDownButtonPressedFlyby</PressedFlyby>
    </ButtonDrawTemplate>
  </Button>
  <!-- Zooming -->
  <Button item="MVW_ZoomInButton">
    <ScreenID>MVW_ZoomInButton</ScreenID>
    <RelativePosition>true</RelativePosition>
    <Location>
      <X>150</X>
      <Y>405</Y>
    </Location>
    <Size>
      <CX>20</CX>
      <CY>20</CY>
    </Size>
    <Style_VScroll>false</Style_VScroll>
    <Style_HScroll>false</Style_HScroll>
    <Style_Transparent>false</Style_Transparent>
    <Style_Checkbox>false</Style_Checkbox>
    <Text />
    <TextColor>
      <R>255</R>
      <G>255</G>
      <B>255</B>
    </TextColor>
    <ButtonDrawTemplate>
      <Normal>A_ZoomInButtonNormal</Normal>
      <Pressed>A_ZoomInButtonPressed</Pressed>
      <Flyby>A_ZoomInButtonFlyby</Flyby>
      <Disabled>A_ZoomInButtonNormal</Disabled>
      <PressedFlyby>A_ZoomInButtonPressedFlyby</PressedFlyby>
    </ButtonDrawTemplate>
    <TooltipReference>Zoom In. (Or use Mouse Wheel)</TooltipReference>
  </Button>
  <Button item="MVW_ZoomOutButton">
    <ScreenID>MVW_ZoomOutButton</ScreenID>
    <RelativePosition>true</RelativePosition>
    <Location>
      <X>175</X>
      <Y>405</Y>
    </Location>
    <Size>
      <CX>20</CX>
      <CY>20</CY>
    </Size>
    <Style_VScroll>false</Style_VScroll>
    <Style_HScroll>false</Style_HScroll>
    <Style_Transparent>false</Style_Transparent>
    <Style_Checkbox>false</Style_Checkbox>
    <Text />
    <TextColor>
      <R>255</R>
      <G>255</G>
      <B>255</B>
    </TextColor>
    <ButtonDrawTemplate>
      <Normal>A_ZoomOutButtonNormal</Normal>
      <Pressed>A_ZoomOutButtonPressed</Pressed>
      <Flyby>A_ZoomOutButtonFlyby</Flyby>
      <Disabled>A_ZoomOutButtonNormal</Disabled>
      <PressedFlyby>A_ZoomOutButtonPressedFlyby</PressedFlyby>
    </ButtonDrawTemplate>
    <TooltipReference>Zoom Out. (Or use Mouse Wheel)</TooltipReference>
  </Button>

  <Button item="MVW_PanResetButton">
    <ScreenID>MVW_PanResetButton</ScreenID>
    <RelativePosition>true</RelativePosition>
    <Location>
      <X>200</X>
      <Y>405</Y>
    </Location>
    <Size>
      <CX>50</CX>
      <CY>20</CY>
    </Size>
    <Style_VScroll>false</Style_VScroll>
    <Style_HScroll>false</Style_HScroll>
    <Style_Transparent>false</Style_Transparent>
    <Style_Checkbox>false</Style_Checkbox>
    <Text>Reset</Text>
    <TextColor>
      <R>255</R>
      <G>255</G>
      <B>255</B>
    </TextColor>
    <ButtonDrawTemplate>
      <Normal>A_BtnNormal</Normal>
      <Pressed>A_BtnPressed</Pressed>
      <Flyby>A_BtnFlyby</Flyby>
      <Disabled>A_BtnDisabled</Disabled>
      <PressedFlyby>A_BtnPressedFlyby</PressedFlyby>
    </ButtonDrawTemplate>
  </Button>  
  
  <Button item="MVW_LabelsToggleButton">
    <ScreenID>MVW_LabelsToggleButton</ScreenID>
    <RelativePosition>true</RelativePosition>
    <Location>
      <X>330</X>
      <Y>405</Y>
    </Location>
    <Size>
      <CX>50</CX>
      <CY>20</CY>
    </Size>
    <Style_VScroll>false</Style_VScroll>
    <Style_HScroll>false</Style_HScroll>
    <Style_Transparent>false</Style_Transparent>
    <Style_Checkbox>true</Style_Checkbox>
    <Text>Labels</Text>
    <TooltipReference>Toggle displaying of labels on and off.</TooltipReference>
    <TextColor>
      <R>255</R>
      <G>255</G>
      <B>255</B>
    </TextColor>
    <ButtonDrawTemplate>
      <Normal>A_BtnNormal</Normal>
      <Pressed>A_BtnPressed</Pressed>
      <Flyby>A_BtnFlyby</Flyby>
      <Disabled>A_BtnDisabled</Disabled>
      <PressedFlyby>A_BtnPressedFlyby</PressedFlyby>
    </ButtonDrawTemplate>
  </Button>

  <Button item="MVW_ShowGroupButton">
    <ScreenID>MVW_ShowGroupButton</ScreenID>
    <RelativePosition>true</RelativePosition>
    <Location>
      <X>392</X>
      <Y>405</Y>
    </Location>
    <Size>
      <CX>50</CX>
      <CY>20</CY>
    </Size>
    <Style_VScroll>false</Style_VScroll>
    <Style_HScroll>false</Style_HScroll>
    <Style_Transparent>false</Style_Transparent>
    <Style_Checkbox>true</Style_Checkbox>
    <Text>Group</Text>
    <TooltipReference>Toggle display of group members in the current zone.</TooltipReference>
    <TextColor>
      <R>255</R>
      <G>255</G>
      <B>255</B>
    </TextColor>
    <ButtonDrawTemplate>
      <Normal>A_BtnNormal</Normal>
      <Pressed>A_BtnPressed</Pressed>
      <Flyby>A_BtnFlyby</Flyby>
      <Disabled>A_BtnDisabled</Disabled>
      <PressedFlyby>A_BtnPressedFlyby</PressedFlyby>
    </ButtonDrawTemplate>
  </Button>
  
  <Button item="MVW_LoadCurrent">
    <ScreenID>MVW_LoadCurrent</ScreenID>
    <RelativePosition>true</RelativePosition>
    <Location>
      <X>450</X>
      <Y>405</Y>
    </Location>
    <Size>
      <CX>50</CX>
      <CY>20</CY>
    </Size>
    <Style_Transparent>false</Style_Transparent>
    <Style_Checkbox>false</Style_Checkbox>
	<Text>Current</Text>
    <TextColor>
      <R>255</R>
      <G>255</G>
      <B>255</B>
    </TextColor>
    <ButtonDrawTemplate>
      <Normal>A_BtnNormal</Normal>
      <Pressed>A_BtnPressed</Pressed>
      <Flyby>A_BtnFlyby</Flyby>
      <Disabled>A_BtnDisabled</Disabled>
      <PressedFlyby>A_BtnPressedFlyby</PressedFlyby>
    </ButtonDrawTemplate>
    <TooltipReference>Reset map to current zone.</TooltipReference>
  </Button>    
  
  <Label item="MVW_LayerVisibleLabel">
    <ScreenID>MVW_LayerVisibleLabel</ScreenID>
    <Font>3</Font>
    <Text>Visible:</Text>
    <TextColor>
      <R>255</R>
      <G>255</G>
      <B>255</B>
    </TextColor>
    <Location>
      <X>0</X>
      <Y>432</Y>
    </Location>
    <Size>
      <CX>50</CX>
      <CY>20</CY>
    </Size>
    <AlignCenter>true</AlignCenter>
  </Label>
  <Button item="MVW_Layer0Button">
    <ScreenID>MVW_Layer0Button</ScreenID>
    <RelativePosition>true</RelativePosition>
    <Location>
      <X>50</X>
      <Y>430</Y>
    </Location>
    <Size>
      <CX>35</CX>
      <CY>20</CY>
    </Size>
    <Style_VScroll>false</Style_VScroll>
    <Style_HScroll>false</Style_HScroll>
    <Style_Transparent>false</Style_Transparent>
    <Style_Checkbox>true</Style_Checkbox>
    <Text>Base</Text>
    <TextColor>
      <R>255</R>
      <G>255</G>
      <B>255</B>
    </TextColor>
    <ButtonDrawTemplate>
      <Normal>A_BtnNormal</Normal>
      <Pressed>A_BtnPressed</Pressed>
      <Flyby>A_BtnFlyby</Flyby>
      <Disabled>A_BtnDisabled</Disabled>
      <PressedFlyby>A_BtnPressedFlyby</PressedFlyby>
    </ButtonDrawTemplate>
  </Button>
  <Button item="MVW_Layer1Button">
    <ScreenID>MVW_Layer1Button</ScreenID>
    <RelativePosition>true</RelativePosition>
    <Location>
      <X>90</X>
      <Y>430</Y>
    </Location>
    <Size>
      <CX>16</CX>
      <CY>20</CY>
    </Size>
    <Style_VScroll>false</Style_VScroll>
    <Style_HScroll>false</Style_HScroll>
    <Style_Transparent>false</Style_Transparent>
    <Style_Checkbox>true</Style_Checkbox>
    <Text>1</Text>
    <TextColor>
      <R>255</R>
      <G>255</G>
      <B>255</B>
    </TextColor>
    <ButtonDrawTemplate>
      <Normal>A_BtnNormal</Normal>
      <Pressed>A_BtnPressed</Pressed>
      <Flyby>A_BtnFlyby</Flyby>
      <Disabled>A_BtnDisabled</Disabled>
      <PressedFlyby>A_BtnPressedFlyby</PressedFlyby>
    </ButtonDrawTemplate>
  </Button>
  <Button item="MVW_Layer2Button">
    <ScreenID>MVW_Layer2Button</ScreenID>
    <RelativePosition>true</RelativePosition>
    <Location>
      <X>110</X>
      <Y>430</Y>
    </Location>
    <Size>
      <CX>16</CX>
      <CY>20</CY>
    </Size>
    <Style_VScroll>false</Style_VScroll>
    <Style_HScroll>false</Style_HScroll>
    <Style_Transparent>false</Style_Transparent>
    <Style_Checkbox>true</Style_Checkbox>
    <Text>2</Text>
    <TextColor>
      <R>255</R>
      <G>255</G>
      <B>255</B>
    </TextColor>
    <ButtonDrawTemplate>
      <Normal>A_BtnNormal</Normal>
      <Pressed>A_BtnPressed</Pressed>
      <Flyby>A_BtnFlyby</Flyby>
      <Disabled>A_BtnDisabled</Disabled>
      <PressedFlyby>A_BtnPressedFlyby</PressedFlyby>
    </ButtonDrawTemplate>
  </Button>
  <Button item="MVW_Layer3Button">
    <ScreenID>MVW_Layer3Button</ScreenID>
    <RelativePosition>true</RelativePosition>
    <Location>
      <X>130</X>
      <Y>430</Y>
    </Location>
    <Size>
      <CX>16</CX>
      <CY>20</CY>
    </Size>
    <Style_VScroll>false</Style_VScroll>
    <Style_HScroll>false</Style_HScroll>
    <Style_Transparent>false</Style_Transparent>
    <Style_Checkbox>true</Style_Checkbox>
    <Text>3</Text>
    <TextColor>
      <R>255</R>
      <G>255</G>
      <B>255</B>
    </TextColor>
    <ButtonDrawTemplate>
      <Normal>A_BtnNormal</Normal>
      <Pressed>A_BtnPressed</Pressed>
      <Flyby>A_BtnFlyby</Flyby>
      <Disabled>A_BtnDisabled</Disabled>
      <PressedFlyby>A_BtnPressedFlyby</PressedFlyby>
    </ButtonDrawTemplate>
  </Button>
  
  <Label item="MVW_LayerActiveLabel">
    <ScreenID>MVW_LayerActiveLabel</ScreenID>
    <Font>3</Font>
    <Text>Active:</Text>
    <TextColor>
      <R>255</R>
      <G>255</G>
      <B>255</B>
    </TextColor>
    <Location>
      <X>150</X>
      <Y>432</Y>
    </Location>
    <Size>
      <CX>50</CX>
      <CY>20</CY>
    </Size>
    <AlignCenter>true</AlignCenter>
  </Label>
  <Button item="MVW_Layer1ActiveButton">
    <ScreenID>MVW_Layer1ActiveButton</ScreenID>
    <RelativePosition>true</RelativePosition>
    <Location>
      <X>210</X>
      <Y>430</Y>
    </Location>
    <Size>
      <CX>16</CX>
      <CY>20</CY>
    </Size>
    <Style_VScroll>false</Style_VScroll>
    <Style_HScroll>false</Style_HScroll>
    <Style_Transparent>false</Style_Transparent>
    <Style_Checkbox>false</Style_Checkbox>
    <Text>1</Text>
    <TextColor>
      <R>255</R>
      <G>255</G>
      <B>255</B>
    </TextColor>
    <ButtonDrawTemplate>
      <Normal>A_BtnNormal</Normal>
      <Pressed>A_BtnPressed</Pressed>
      <Flyby>A_BtnFlyby</Flyby>
      <Disabled>A_BtnDisabled</Disabled>
      <PressedFlyby>A_BtnPressedFlyby</PressedFlyby>
    </ButtonDrawTemplate>
    <RadioGroup>MVW_ActiveLayer</RadioGroup>
  </Button>
  <Button item="MVW_Layer2ActiveButton">
    <ScreenID>MVW_Layer2ActiveButton</ScreenID>
    <RelativePosition>true</RelativePosition>
    <Location>
      <X>230</X>
      <Y>430</Y>
    </Location>
    <Size>
      <CX>16</CX>
      <CY>20</CY>
    </Size>
    <Style_VScroll>false</Style_VScroll>
    <Style_HScroll>false</Style_HScroll>
    <Style_Transparent>false</Style_Transparent>
    <Style_Checkbox>false</Style_Checkbox>
    <Text>2</Text>
    <TextColor>
      <R>255</R>
      <G>255</G>
      <B>255</B>
    </TextColor>
    <ButtonDrawTemplate>
      <Normal>A_BtnNormal</Normal>
      <Pressed>A_BtnPressed</Pressed>
      <Flyby>A_BtnFlyby</Flyby>
      <Disabled>A_BtnDisabled</Disabled>
      <PressedFlyby>A_BtnPressedFlyby</PressedFlyby>
    </ButtonDrawTemplate>
    <RadioGroup>MVW_ActiveLayer</RadioGroup>
  </Button>
  <Button item="MVW_Layer3ActiveButton">
    <ScreenID>MVW_Layer3ActiveButton</ScreenID>
    <RelativePosition>true</RelativePosition>
    <Location>
      <X>250</X>
      <Y>430</Y>
    </Location>
    <Size>
      <CX>16</CX>
      <CY>20</CY>
    </Size>
    <Style_VScroll>false</Style_VScroll>
    <Style_HScroll>false</Style_HScroll>
    <Style_Transparent>false</Style_Transparent>
    <Style_Checkbox>false</Style_Checkbox>
    <Text>3</Text>
    <TextColor>
      <R>255</R>
      <G>255</G>
      <B>255</B>
    </TextColor>
    <ButtonDrawTemplate>
      <Normal>A_BtnNormal</Normal>
      <Pressed>A_BtnPressed</Pressed>
      <Flyby>A_BtnFlyby</Flyby>
      <Disabled>A_BtnDisabled</Disabled>
      <PressedFlyby>A_BtnPressedFlyby</PressedFlyby>
    </ButtonDrawTemplate>
    <RadioGroup>MVW_ActiveLayer</RadioGroup>
  </Button>
  
  <Button item="MVW_ZFilterButton">
    <ScreenID>MVW_ZFilterButton</ScreenID>
    <RelativePosition>true</RelativePosition>
    <Location>
      <X>280</X>
      <Y>430</Y>
    </Location>
    <Size>
      <CX>50</CX>
      <CY>20</CY>
    </Size>
    <Style_VScroll>false</Style_VScroll>
    <Style_HScroll>false</Style_HScroll>
    <Style_Transparent>false</Style_Transparent>
    <Style_Checkbox>true</Style_Checkbox>
    <Text>Height</Text>
    <TextColor>
      <R>255</R>
      <G>255</G>
      <B>255</B>
    </TextColor>
    <ButtonDrawTemplate>
      <Normal>A_BtnNormal</Normal>
      <Pressed>A_BtnPressed</Pressed>
      <Flyby>A_BtnFlyby</Flyby>
      <Disabled>A_BtnDisabled</Disabled>
      <PressedFlyby>A_BtnPressedFlyby</PressedFlyby>
    </ButtonDrawTemplate>
    <TooltipReference>Toggle filtering map lines based on your position and the high and low values.</TooltipReference>
    <Font>3</Font>
  </Button>
  
  <Label item="MVW_MaxZLabel">
    <ScreenID>MVW_MaxZLabel</ScreenID>
    <Font>3</Font>
    <Text>High:</Text>
    <TextColor>
      <R>255</R>
      <G>255</G>
      <B>255</B>
    </TextColor>
    <Location>
      <X>330</X>
      <Y>432</Y>
    </Location>
    <Size>
      <CX>44</CX>
      <CY>20</CY>
    </Size>
    <AlignRight>true</AlignRight>
  </Label>
  <Editbox item="MVW_MaxZEditBox">
    <ScreenID>MVW_MaxZEditBox</ScreenID>
    <DrawTemplate>WDT_Inner</DrawTemplate>
    <RelativePosition>true</RelativePosition>
    <Location>
      <X>375</X>
      <Y>430</Y>
    </Location>
    <Size>
      <CX>50</CX>
      <CY>20</CY>
    </Size>
    <Style_Border>true</Style_Border>
    <TextColor>
      <R>255</R>
      <G>255</G>
      <B>255</B>
    </TextColor>
    <TooltipReference>How much above your current position to draw map lines.</TooltipReference>
  </Editbox>  
  
  <Label item="MVW_MinZLabel">
    <ScreenID>MVW_MinZLabel</ScreenID>
    <Font>3</Font>
    <Text>Low:</Text>
    <TextColor>
      <R>255</R>
      <G>255</G>
      <B>255</B>
    </TextColor>
    <Location>
      <X>410</X>
      <Y>432</Y>
    </Location>
    <Size>
      <CX>44</CX>
      <CY>20</CY>
    </Size>
    <AlignRight>true</AlignRight>
  </Label>  
  <Editbox item="MVW_MinZEditBox">
    <ScreenID>MVW_MinZEditBox</ScreenID>
    <DrawTemplate>WDT_Inner</DrawTemplate>
    <RelativePosition>true</RelativePosition>
    <Location>
      <X>455</X>
      <Y>430</Y>
    </Location>
    <Size>
      <CX>50</CX>
      <CY>20</CY>
    </Size>
    <Style_Border>true</Style_Border>
    <TextColor>
      <R>255</R>
      <G>255</G>
      <B>255</B>
    </TextColor>
    <TooltipReference>How much below your current position to draw map lines.</TooltipReference>
  </Editbox>
 
  <Screen item="MVW_MapToolBar">
    <ScreenID>MVW_MapToolBar</ScreenID>
	<RelativePosition>true</RelativePosition>
	<AutoStretch>true</AutoStretch>
	<TopAnchorToTop>true</TopAnchorToTop>
	<BottomAnchorToTop>false</BottomAnchorToTop>
	<LeftAnchorToLeft>true</LeftAnchorToLeft>
	<RightAnchorToLeft>false</RightAnchorToLeft>
	<Style_VScroll>false</Style_VScroll>
    <Style_HScroll>false</Style_HScroll>
    <Style_Transparent>true</Style_Transparent>
		<Pieces>MVW_ToolbarButton</Pieces>
		<Pieces>MVW_PanLeftButton</Pieces>
		<Pieces>MVW_PanRightButton</Pieces>
		<Pieces>MVW_PanUpButton</Pieces>
		<Pieces>MVW_PanDownButton</Pieces>
		<Pieces>MVW_PanResetButton</Pieces>
		<Pieces>MVW_ZoomInButton</Pieces>
		<Pieces>MVW_ZoomOutButton</Pieces>
		<Pieces>MVW_LoadCurrent</Pieces>
		<Pieces>MVW_LabelsToggleButton</Pieces>
		<Pieces>MVW_ShowGroupButton</Pieces>
		<Pieces>MVW_LayerVisibleLabel</Pieces>
		<Pieces>MVW_Layer0Button</Pieces>
		<Pieces>MVW_Layer1Button</Pieces>
		<Pieces>MVW_Layer2Button</Pieces>
		<Pieces>MVW_Layer3Button</Pieces>
		<Pieces>MVW_LayerActiveLabel</Pieces>
		<Pieces>MVW_Layer1ActiveButton</Pieces>
		<Pieces>MVW_Layer2ActiveButton</Pieces>
		<Pieces>MVW_Layer3ActiveButton</Pieces>
		<Pieces>MVW_ZFilterButton</Pieces>
		<Pieces>MVW_MaxZLabel</Pieces>
		<Pieces>MVW_MaxZEditBox</Pieces>
		<Pieces>MVW_MinZLabel</Pieces>
		<Pieces>MVW_MinZEditBox</Pieces>
	</Screen>

  <Page item ="MapPage">
		<ScreenID>MapPage</ScreenID>
		<RelativePosition>true</RelativePosition>
		<Style_VScroll>false</Style_VScroll>
		<Style_HScroll>false</Style_HScroll>
		<Style_Transparent>false</Style_Transparent>
		<DrawTemplate>WDT_Def</DrawTemplate>
		<TabText>Player</TabText>
		<TabTextColor>
				<R>255</R>
				<G>255</G>
				<B>255</B>
		</TabTextColor>
		<TabTextActiveColor>
				<R>255</R>
				<G>255</G>
				<B>0</B>
		</TabTextActiveColor>
		<Style_Sizable>true</Style_Sizable>
		<Pieces>Screen:MVW_MapRenderArea</Pieces>
		<Pieces>MVW_MapPiece1</Pieces>
		<Pieces>MVW_MapPiece2</Pieces>
		<Pieces>MVW_MapPiece3</Pieces>
		<Pieces>MVW_MapPiece4</Pieces>
		<Pieces>Screen:MVW_MapToolBar</Pieces>
	</Page>
		
  <Screen item="MVW_AtlasRenderArea">
    <ScreenID>MVW_AtlasRenderArea</ScreenID>
	<RelativePosition>true</RelativePosition>
	<AutoStretch>true</AutoStretch>
	<TopAnchorToTop>true</TopAnchorToTop>
	<TopAnchorOffset>30</TopAnchorOffset>
	<BottomAnchorToTop>false</BottomAnchorToTop>
	<LeftAnchorToLeft>true</LeftAnchorToLeft>
	<RightAnchorToLeft>false</RightAnchorToLeft>
    <Style_VScroll>false</Style_VScroll>
    <Style_HScroll>false</Style_HScroll>
    <Style_Transparent>true</Style_Transparent>
  </Screen>
  
  	<Combobox item = "MVW_AtlasDirCombobox">
		<ScreenID>MVW_AtlasDirCombobox</ScreenID>
		<DrawTemplate>WDT_Inner</DrawTemplate>
		<Location>
			<X>0</X>
			<Y>0</Y>
		</Location>
		<Size>
			<CX>150</CX>
			<CY>24</CY>
		</Size>
		<ListHeight>60</ListHeight>
		<Button>BDT_Combo</Button>
		<Style_Border>true</Style_Border>
	</Combobox>
	
	<Page item ="AtlasPage">
		<ScreenID>AtlasPage</ScreenID>
		<RelativePosition>true</RelativePosition>
		<Style_VScroll>false</Style_VScroll>
		<Style_HScroll>false</Style_HScroll>
		<Style_Transparent>false</Style_Transparent>
		<DrawTemplate>WDT_Def</DrawTemplate>
		<TabText>Atlas</TabText>
		<TabTextColor>
				<R>255</R>
				<G>255</G>
				<B>255</B>
		</TabTextColor>
		<TabTextActiveColor>
				<R>255</R>
				<G>255</G>
				<B>0</B>
		</TabTextActiveColor>
		<Style_Sizable>true</Style_Sizable>		
		<Pieces>Screen:MVW_AtlasRenderArea</Pieces>		
		<Pieces>MVW_AtlasDirCombobox</Pieces>			
	</Page>
		
	<TabBox item ="MVW_Subwindows">
		<ScreenID>MVW_Subwindows</ScreenID>
		<RelativePosition>true</RelativePosition>
		<AutoStretch>true</AutoStretch>
		<TopAnchorToTop>true</TopAnchorToTop>
		<BottomAnchorToTop>false</BottomAnchorToTop>
		<LeftAnchorToLeft>true</LeftAnchorToLeft>
		<RightAnchorToLeft>false</RightAnchorToLeft>
		<TabBorderTemplate>FT_DefTabBorder</TabBorderTemplate>
		<PageBorderTemplate>FT_DefPageBorder</PageBorderTemplate>
		<Pages>Page:MapPage</Pages >			
		<Pages>Page:AtlasPage</Pages >
	</TabBox>
  <Screen item="MapViewWnd">
    <RelativePosition>false</RelativePosition>
    <Location>
      <X>100</X>
      <Y>80</Y>
    </Location>
    <Size>
      <CX>525</CX>
      <CY>495</CY>
    </Size>
    <NoWrap>false</NoWrap>
    <Style_VScroll>false</Style_VScroll>
    <Style_HScroll>false</Style_HScroll>
    <Style_Transparent>false</Style_Transparent>
    <TooltipReference>Map Viewer</TooltipReference>
    <DrawTemplate>WDT_Rounded</DrawTemplate>
    <Style_Titlebar>true</Style_Titlebar>
    <Style_Closebox>true</Style_Closebox>
    <Style_Minimizebox>true</Style_Minimizebox>
    <Style_Border>true</Style_Border>
    <Style_Sizable>false</Style_Sizable>
    <Text>Map</Text>
    <Pieces>MVW_Subwindows</Pieces>
  </Screen>
</XML>