<?xml version="1.0" encoding="us-ascii"?>
<XML ID="EQInterfaceDefinitionLanguage">
  <Schema xmlns="EverQuestData" xmlns:dt="EverQuestDataTypes" />
  <Gauge item="Target_HP">
    <ScreenID>TargetHP</ScreenID>
    <Font>3</Font>
    <TextColor>
      <R>240</R>
      <G>240</G>
      <B>240</B>
    </TextColor>
    <RelativePosition>true</RelativePosition>
    <Location>
      <X>3</X>
      <Y>0</Y>
    </Location>
    <Size>
      <CX>108</CX>
      <CY>24</CY>
    </Size>
    <GaugeOffsetY>16</GaugeOffsetY>
    <TextOffsetX>8</TextOffsetX>
    <Style_VScroll>false</Style_VScroll>
    <Style_HScroll>false</Style_HScroll>
    <Style_Transparent>false</Style_Transparent>
    <TooltipReference />
    <FillTint>
      <R>240</R>
      <G>0</G>
      <B>0</B>
    </FillTint>
    <LinesFillTint>
      <R>220</R>
      <G>220</G>
      <B>0</B>
    </LinesFillTint>
    <DrawLinesFill>false</DrawLinesFill>
    <EQType>6</EQType>
    <GaugeDrawTemplate>
      <Background>A_GaugeBackground</Background>
      <Fill>A_GaugeFill</Fill>
      <Lines>A_GaugeLines</Lines>
      <LinesFill>A_GaugeLinesFill</LinesFill>
      <EndCapLeft>A_GaugeEndCapLeft</EndCapLeft>
      <EndCapRight>A_GaugeEndCapRight</EndCapRight>
    </GaugeDrawTemplate>
  </Gauge>
  <Label item="Target_HPLabel">
    <ScreenID>HPLabel</ScreenID>
    <EQType>29</EQType>
    <RelativePosition>true</RelativePosition>
    <Location>
      <X>3</X>
      <Y>12</Y>
    </Location>
    <Size>
      <CX>60</CX>
      <CY>12</CY>
    </Size>
    <Text>Playername123456</Text>
    <TextColor>
      <R>255</R>
      <G>255</G>
      <B>255</B>
    </TextColor>
    <NoWrap>true</NoWrap>
    <AlignCenter>false</AlignCenter>
    <AlignRight>true</AlignRight>
  </Label>
  <Label item="Target_HPPercLabel">
    <ScreenID>HPPercLabel</ScreenID>
    <RelativePosition>true</RelativePosition>
    <Location>
      <X>64</X>
      <Y>12</Y>
    </Location>
    <Size>
      <CX>16</CX>
      <CY>12</CY>
    </Size>
    <Text>%</Text>
    <TextColor>
      <R>255</R>
      <G>255</G>
      <B>255</B>
    </TextColor>
    <NoWrap>true</NoWrap>
    <AlignCenter>false</AlignCenter>
    <AlignRight>false</AlignRight>
  </Label>
  <TextureInfo item="TargetBox.tga">
    <Size>
      <CX>128</CX>
      <CY>32</CY>
    </Size>
  </TextureInfo>
  <Ui2DAnimation item="A_TargetBox">
    <Cycle>false</Cycle>
    <Frames>
      <Texture>TargetBox.tga</Texture>
      <Location>
        <X>6</X>
        <Y>2</Y>
      </Location>
      <Size>
        <CX>116</CX>
        <CY>28</CY>
      </Size>
    </Frames>
  </Ui2DAnimation>
  <StaticAnimation item="A_TargetBoxStaticAnim">
    <ScreenID>A_TargetBoxStaticAnim</ScreenID>
    <Animation>A_TargetBox</Animation>
  </StaticAnimation>
  <Screen item="TargetWindow">
    <ScreenID />
    <RelativePosition>false</RelativePosition>
    <Location>
      <X>516</X>
      <Y>242</Y>
    </Location>
    <Size>
      <CX>124</CX>
      <CY>50</CY>
    </Size>
    <Text>Target</Text>
    <Style_VScroll>false</Style_VScroll>
    <Style_HScroll>false</Style_HScroll>
    <Style_Transparent>true</Style_Transparent>
    <TooltipReference>Your Current Target</TooltipReference>
    <DrawTemplate>WDT_Rounded</DrawTemplate>
    <Style_Titlebar>false</Style_Titlebar>
    <Style_Closebox>false</Style_Closebox>
    <Style_Minimizebox>false</Style_Minimizebox>
    <Style_Border>false</Style_Border>
    <Style_Sizable>false</Style_Sizable>
    <Pieces>Target_HP</Pieces>
    <Pieces>Target_HPLabel</Pieces>
    <Pieces>Target_HPPercLabel</Pieces>
    <Pieces>A_TargetBoxStaticAnim</Pieces>
  </Screen>
</XML>