<?xml version="1.0" encoding="us-ascii"?>
<XML ID="EQInterfaceDefinitionLanguage">
	<Schema xmlns="EverQuestData" xmlns:dt="EverQuestDataTypes" />
	<Gauge item="BREATH_Gauge">
		<ScreenID>Gauge</ScreenID>
		<!--<Font>3</Font>-->
		<RelativePosition>true</RelativePosition>
		<Location>
			<X>6</X>
			<Y>5</Y>
		</Location>
		<Size>
			<CX>116</CX>
			<CY>10</CY>
		</Size>
		<GaugeOffsetY>0</GaugeOffsetY>
		<Style_VScroll>false</Style_VScroll>
		<Style_HScroll>false</Style_HScroll>
		<Style_Transparent>false</Style_Transparent>
		<!--<TooltipReference/>-->
		<FillTint>
			<R>0</R>
			<G>240</G>
			<B>240</B>
		</FillTint>
		<LinesFillTint>
			<R>0</R>
			<G>0</G>
			<B>0</B>
		</LinesFillTint>
		<DrawLinesFill>false</DrawLinesFill>
		<EQType>8</EQType>
		<GaugeDrawTemplate>
			<Background>A_GaugeBackground</Background>
			<Fill>A_GaugeFill</Fill>
			<Lines>A_GaugeLines</Lines>
			<LinesFill>A_GaugeLinesFill</LinesFill>
			<EndCapLeft>A_GaugeEndCapLeft</EndCapLeft>
			<EndCapRight>A_GaugeEndCapRight</EndCapRight>
		</GaugeDrawTemplate>
	</Gauge>
	<Screen item="BreathWindow">
		<!--<ScreenID/>-->
		<!--<Font/>-->
		<RelativePosition>false</RelativePosition>
		<Location>
			<X>154</X>
			<Y>50</Y>
		</Location>
		<Size>
			<CX>120</CX>
			<CY>15</CY>
		</Size>
		<Text>Air Remaining</Text>
		<Style_VScroll>false</Style_VScroll>
		<Style_HScroll>false</Style_HScroll>
		<Style_Transparent>false</Style_Transparent>
		<TooltipReference>The Breath Meter</TooltipReference>
		<DrawTemplate>WDT_Rounded</DrawTemplate>
		<Style_Titlebar>false</Style_Titlebar>
		<Style_Closebox>false</Style_Closebox>
		<Style_Minimizebox>false</Style_Minimizebox>
		<Style_Border>false</Style_Border>
		<Style_Sizable>false</Style_Sizable>
		<Pieces>BREATH_Gauge</Pieces>
	</Screen>
</XML>
