<?xml version="1.0" encoding="us-ascii"?>
<XML ID="EQInterfaceDefinitionLanguage">
	<Schema xmlns="EverQuestData" xmlns:dt="EverQuestDataTypes" />

	<TextureInfo item="default_book01.tga">
		<Size>
			<CX>256</CX>
			<CY>256</CY>
		</Size>
	</TextureInfo>
	<TextureInfo item="default_book02.tga">
		<Size>
			<CX>256</CX>
			<CY>256</CY>
		</Size>
	</TextureInfo>
	<TextureInfo item="default_book03.tga">
		<Size>
			<CX>256</CX>
			<CY>128</CY>
		</Size>
	</TextureInfo>
	<TextureInfo item="default_book04.tga">
		<Size>
			<CX>256</CX>
			<CY>128</CY>
		</Size>
	</TextureInfo>
	<Ui2DAnimation item="A_Book1">
		<Cycle>false</Cycle>
		<Frames>
			<Texture>default_book01.tga</Texture>
			<Location>
				<X>0</X>
				<Y>0</Y>
			</Location>
			<Size>
				<CX>256</CX>
				<CY>256</CY>
			</Size>
		</Frames>
	</Ui2DAnimation>
	<Ui2DAnimation item="A_Book2">
		<Cycle>false</Cycle>
		<Frames>
			<Texture>default_book02.tga</Texture>
			<Location>
				<X>0</X>
				<Y>0</Y>
			</Location>
			<Size>
				<CX>256</CX>
				<CY>256</CY>
			</Size>
		</Frames>
	</Ui2DAnimation>
	<Ui2DAnimation item="A_Book3">
		<Cycle>false</Cycle>
		<Frames>
			<Texture>default_book03.tga</Texture>
			<Location>
				<X>0</X>
				<Y>1</Y>
			</Location>
			<Size>
				<CX>256</CX>
				<CY>107</CY>
			</Size>
		</Frames>
	</Ui2DAnimation>
	<Ui2DAnimation item="A_Book4">
		<Cycle>false</Cycle>
		<Frames>
			<Texture>default_book04.tga</Texture>
			<Location>
				<X>1</X>
				<Y>1</Y>
			</Location>
			<Size>
				<CX>255</CX>
				<CY>107</CY>
			</Size>
		</Frames>
	</Ui2DAnimation>

	<StaticAnimation item="BOOK_BookBG1">
		<ScreenID>BookBG1</ScreenID>
		<RelativePosition>true</RelativePosition>
		<Location>
			<X>3</X>
			<Y>3</Y>
		</Location>
		<Size>
			<CX>256</CX>
			<CY>256</CY>
		</Size>
		<Animation>A_Book1</Animation>
	</StaticAnimation>
	<StaticAnimation item="BOOK_BookBG2">
		<ScreenID>BookBG2</ScreenID>
		<RelativePosition>true</RelativePosition>
		<Location>
			<X>255</X>
			<Y>3</Y>
		</Location>
		<Size>
			<CX>256</CX>
			<CY>256</CY>
		</Size>
		<Animation>A_Book2</Animation>
	</StaticAnimation>
	<StaticAnimation item="BOOK_BookBG3">
		<ScreenID>BookBG3</ScreenID>
		<RelativePosition>true</RelativePosition>
		<Location>
			<X>1</X>
			<Y>259</Y>
		</Location>
		<Size>
			<CX>256</CX>
			<CY>128</CY>
		</Size>
		<Animation>A_Book3</Animation>
	</StaticAnimation>
	<StaticAnimation item="BOOK_BookBG4">
		<ScreenID>BookBG4</ScreenID>
		<RelativePosition>true</RelativePosition>
		<Location>
			<X>255</X>
			<Y>259</Y>
		</Location>
		<Size>
			<CX>256</CX>
			<CY>128</CY>
		</Size>
		<Animation>A_Book4</Animation>
	</StaticAnimation>

	<StaticText item="BOOK_Page0Number">
		<ScreenID>Page0Number</ScreenID>
		<!--<Font>3</Font>-->
		<RelativePosition>true</RelativePosition>
		<Location>
			<X>10</X>
			<Y>11</Y>
		</Location>
		<Size>
			<CX>17</CX>
			<CY>17</CY>
		</Size>
		<Text>0</Text>
		<TextColor>
			<R>255</R>
			<G>255</G>
			<B>255</B>
		</TextColor>
		<NoWrap>true</NoWrap>
		<AlignCenter>true</AlignCenter>
		<AlignRight>false</AlignRight>
	</StaticText>
	<StaticText item="BOOK_Page1Number">
		<ScreenID>Page1Number</ScreenID>
		<!--<Font>3</Font>-->
		<RelativePosition>true</RelativePosition>
		<Location>
			<X>229</X>
			<Y>11</Y>
		</Location>
		<Size>
			<CX>17</CX>
			<CY>17</CY>
		</Size>
		<Text>1</Text>
		<TextColor>
			<R>255</R>
			<G>255</G>
			<B>255</B>
		</TextColor>
		<NoWrap>true</NoWrap>
		<AlignCenter>true</AlignCenter>
		<AlignRight>false</AlignRight>
	</StaticText>
	<Editbox item="BOOK_Page0">
		<ScreenID>Page0</ScreenID>
		<DrawTemplate>WDT_Inner</DrawTemplate>
		<RelativePosition>true</RelativePosition>
		<Style_Transparent>true</Style_Transparent>
		<Style_Border>false</Style_Border>
		<Location>
			<X>16</X>
			<Y>40</Y>
		</Location>
		<Size>
			<CX>215</CX>
			<CY>235</CY>
		</Size>
		<TextColor>
			<R>255</R>
			<G>255</G>
			<B>255</B>
		</TextColor>
		<Style_Multiline>true</Style_Multiline>
	</Editbox>
	<Editbox item="BOOK_Page1">
		<ScreenID>Page1</ScreenID>
		<DrawTemplate>WDT_Inner</DrawTemplate>
		<RelativePosition>true</RelativePosition>
		<Style_Transparent>true</Style_Transparent>
		<Style_Border>false</Style_Border>
		<Location>
			<X>236</X>
			<Y>40</Y>
		</Location>
		<Size>
			<CX>215</CX>
			<CY>235</CY>
		</Size>
		<TextColor>
			<R>255</R>
			<G>255</G>
			<B>255</B>
		</TextColor>
		<Style_Multiline>true</Style_Multiline>
	</Editbox>

	<Button item="BOOK_CastSpellButton">
		<ScreenID>CastSpellButton</ScreenID>
		<!--<Font>3</Font>-->
		<RelativePosition>true</RelativePosition>
		<Location>
			<X>20</X>
			<Y>2</Y>
		</Location>
		<Size>
			<CX>50</CX>
			<CY>24</CY>
		</Size>
		<Style_Transparent>false</Style_Transparent>
		<!--<TooltipReference/>-->
		<Style_Checkbox>false</Style_Checkbox>
		<!--<RadioGroup/>-->
		<Text>Cast Spell</Text>
		<TextColor>
			<R>255</R>
			<G>255</G>
			<B>255</B>
		</TextColor>
		<ButtonDrawTemplate>
			<Normal>A_BtnNormal</Normal>
			<Pressed>A_BtnPressed</Pressed>
			<Flyby>A_BtnFlyby</Flyby>
			<Disabled>A_BtnDisabled</Disabled>
			<PressedFlyby>A_BtnPressedFlyby</PressedFlyby>
		</ButtonDrawTemplate>
	</Button>

	<Button item="BOOK_ScribeButton">
		<ScreenID>ScribeButton</ScreenID>
		<!--<Font>3</Font>-->
		<RelativePosition>true</RelativePosition>
		<Location>
			<X>100</X>
			<Y>2</Y>
		</Location>
		<Size>
			<CX>52</CX>
			<CY>24</CY>
		</Size>
		<Style_Transparent>false</Style_Transparent>
		<!--<TooltipReference/>-->
		<Style_Checkbox>false</Style_Checkbox>
		<!--<RadioGroup/>-->
		<Text>Scribe</Text>
		<TextColor>
			<R>255</R>
			<G>255</G>
			<B>255</B>
		</TextColor>
		<ButtonDrawTemplate>
			<Normal>A_BtnNormal</Normal>
			<Pressed>A_BtnPressed</Pressed>
			<Flyby>A_BtnFlyby</Flyby>
			<Disabled>A_BtnDisabled</Disabled>
			<PressedFlyby>A_BtnPressedFlyby</PressedFlyby>
		</ButtonDrawTemplate>
	</Button>	

	<Button item="BOOK_LeftButton">
		<ScreenID>LeftButton</ScreenID>
		<!--<Font>3</Font>-->
		<RelativePosition>true</RelativePosition>
		<Location>
			<X>265</X>
			<Y>2</Y>
		</Location>
		<Size>
			<CX>20</CX>
			<CY>33</CY>
		</Size>
		<Style_VScroll>false</Style_VScroll>
		<Style_HScroll>false</Style_HScroll>
		<Style_Transparent>false</Style_Transparent>
		<!--<TooltipReference/>-->
		<Style_Checkbox>false</Style_Checkbox>
		<!--<RadioGroup/>-->
		<Text />
		<TextColor>
			<R>255</R>
			<G>255</G>
			<B>255</B>
		</TextColor>
		<ButtonDrawTemplate>
			<Normal>A_LeftArrowBtnNormal</Normal>
			<Pressed>A_LeftArrowBtnPressed</Pressed>
			<Flyby>A_LeftArrowBtnFlyby</Flyby>
			<Disabled>A_LeftArrowBtnDisabled</Disabled>
			<PressedFlyby>A_LeftArrowBtnPressedFlyby</PressedFlyby>
		</ButtonDrawTemplate>
	</Button>
	<Button item="BOOK_RightButton">
		<ScreenID>RightButton</ScreenID>
		<!--<Font>3</Font>-->
		<RelativePosition>true</RelativePosition>
		<Location>
			<X>290</X>
			<Y>2</Y>
		</Location>
		<Size>
			<CX>20</CX>
			<CY>33</CY>
		</Size>
		<Style_VScroll>false</Style_VScroll>
		<Style_HScroll>false</Style_HScroll>
		<Style_Transparent>false</Style_Transparent>
		<!--<TooltipReference/>-->
		<Style_Checkbox>false</Style_Checkbox>
		<!--<RadioGroup/>-->
		<Text />
		<TextColor>
			<R>255</R>
			<G>255</G>
			<B>255</B>
		</TextColor>
		<ButtonDrawTemplate>
			<Normal>A_RightArrowBtnNormal</Normal>
			<Pressed>A_RightArrowBtnPressed</Pressed>
			<Flyby>A_RightArrowBtnFlyby</Flyby>
			<Disabled>A_RightArrowBtnDisabled</Disabled>
			<PressedFlyby>A_RightArrowBtnPressedFlyby</PressedFlyby>
		</ButtonDrawTemplate>
	</Button>
	
	<Button item="BOOK_DoneButton">
		<ScreenID>DoneButton</ScreenID>
		<!--<Font>3</Font>-->
		<RelativePosition>true</RelativePosition>
		<Location>
			<X>315</X>
			<Y>7</Y>
		</Location>
		<Size>
			<CX>52</CX>
			<CY>24</CY>
		</Size>
		<Style_Transparent>false</Style_Transparent>
		<!--<TooltipReference/>-->
		<Style_Checkbox>false</Style_Checkbox>
		<!--<RadioGroup/>-->
		<Text>Done</Text>
		<TextColor>
			<R>255</R>
			<G>255</G>
			<B>255</B>
		</TextColor>
		<ButtonDrawTemplate>
			<Normal>A_BtnNormal</Normal>
			<Pressed>A_BtnPressed</Pressed>
			<Flyby>A_BtnFlyby</Flyby>
			<Disabled>A_BtnDisabled</Disabled>
			<PressedFlyby>A_BtnPressedFlyby</PressedFlyby>
		</ButtonDrawTemplate>
	</Button>

	<Screen item="BookWindow">
		<!--<ScreenID/>-->
		<!--<Font/>-->
		<RelativePosition>false</RelativePosition>
		<Location>
			<X>120</X>
			<Y>20</Y>
		</Location>
		<Size>
			<CX>465</CX>
			<CY>255</CY>
		</Size>
		<Style_VScroll>false</Style_VScroll>
		<Style_HScroll>false</Style_HScroll>
		<Style_Transparent>false</Style_Transparent>
		<DrawTemplate>WDT_Rounded</DrawTemplate>
		<Style_Titlebar>true</Style_Titlebar>
		<Style_Closebox>true</Style_Closebox>
		<Style_Minimizebox>true</Style_Minimizebox>
		<Style_Border>true</Style_Border>
		<Style_Sizable>false</Style_Sizable>
		<Pieces>BOOK_BookBG1</Pieces>
		<Pieces>BOOK_BookBG2</Pieces>
		<Pieces>BOOK_BookBG3</Pieces>
		<Pieces>BOOK_BookBG4</Pieces>
		<Pieces>BOOK_RightButton</Pieces>
		<Pieces>BOOK_LeftButton</Pieces>
		<Pieces>BOOK_Page0</Pieces>
		<Pieces>BOOK_Page1</Pieces>
		<Pieces>BOOK_Page0Number</Pieces>
		<Pieces>BOOK_Page1Number</Pieces>
		<Pieces>BOOK_CastSpellButton</Pieces>
		<Pieces>BOOK_ScribeButton</Pieces>
		<Pieces>BOOK_DoneButton</Pieces>
	</Screen>
</XML>
