<?xml version = "1.0"?>
<XML ID="EQInterfaceDefinitionLanguage">
	<Schema xmlns="EverQuestData" xmlns:dt="EverQuestDataTypes"/>

	<Ui2DAnimation item = "TW_V_bartop_image">
		<Cycle>true</Cycle>
		<Frames>
			<Texture>window_pieces22.tga</Texture>
			<Location>
				<X>28</X>
				<Y>58</Y>
			</Location>
			<Size>
				<CX>14</CX>
				<CY>14</CY>
			</Size>
			<Hotspot>
				<X>0</X>
				<Y>0</Y>
			</Hotspot>
			<Duration>1000</Duration>
		</Frames>
	</Ui2DAnimation>
	
	<Ui2DAnimation item = "TW_V_barmiddle_image">
		<Cycle>true</Cycle>
		<Frames>
			<Texture>window_pieces22.tga</Texture>
			<Location>
				<X>28</X>
				<Y>70</Y>
			</Location>
			<Size>
				<CX>14</CX>
				<CY>50</CY>
			</Size>
			<Hotspot>
				<X>0</X>
				<Y>0</Y>
			</Hotspot>
			<Duration>1000</Duration>
		</Frames>
	</Ui2DAnimation>
	
	<Ui2DAnimation item = "TW_V_barbottom_image">
		<Cycle>true</Cycle>
		<Frames>
			<Texture>window_pieces22.tga</Texture>
			<Location>
				<X>28</X>
				<Y>117</Y>
			</Location>
			<Size>
				<CX>14</CX>
				<CY>10</CY>
			</Size>
			<Hotspot>
				<X>0</X>
				<Y>0</Y>
			</Hotspot>
			<Duration>1000</Duration>
		</Frames>
	</Ui2DAnimation>
	
	<StaticAnimation item = "TW_V_barblack">
		<RelativePosition>true</RelativePosition>
		<Location>
			<X>0</X>
			<Y>0</Y>
		</Location>
		<Size>
			<CX>16</CX>
			<CY>28</CY>
		</Size>
		<Animation>Blackbox</Animation>
	</StaticAnimation>
	
	<StaticAnimation item = "TW_V_bartop">
		<RelativePosition>true</RelativePosition>
		<Location>
			<X>1</X>
			<Y>1</Y>
		</Location>
		<Size>
			<CX>14</CX>
			<CY>14</CY>
		</Size>
		<Animation>TW_V_bartop_image</Animation>
	</StaticAnimation>
	
	<StaticAnimation item = "TW_V_barmiddle">
		<ScreenID>SBW_SpellBook1</ScreenID>
		<RelativePosition>true</RelativePosition>
		<Location>
			<X>1</X>
			<Y>15</Y>
		</Location>
		<Size>
			<CX>14</CX>
			<CY>2</CY>
		</Size>
		<Animation>TW_V_barmiddle_image</Animation>
	</StaticAnimation>

	<StaticAnimation item = "TW_V_barbottom">
		<ScreenID>SBW_SpellBook1</ScreenID>
		<RelativePosition>true</RelativePosition>
		<Location>
			<X>1</X>
			<Y>17</Y>
		</Location>
		<Size>
			<CX>14</CX>
			<CY>10</CY>
		</Size>
		<Animation>TW_V_barbottom_image</Animation>
	</StaticAnimation>	

	<Ui2DAnimation item="A_Targetimage">
		<Cycle>true</Cycle>
		<Frames>
			<Texture>window_pieces21.tga</Texture>
			<Location>
				<X>236</X>
				<Y>47</Y>
			</Location>
			<Size>
				<CX>16</CX>
				<CY>8</CY>
			</Size>
			<Hotspot>
				<X>0</X>
				<Y>0</Y>
			</Hotspot>
			<Duration>1000</Duration>
		</Frames>
	</Ui2DAnimation>

	<TextureInfo item = "TargetBox.tga">
		<Size>
			<CX>32</CX>
			<CY>64</CY>
		</Size>
	</TextureInfo>
	
	<Ui2DAnimation item="A_TargetBox">
		<Cycle>false</Cycle>
		<Frames>
			<Texture>TargetBox.tga</Texture>
			<Location>
				<X>0</X>
				<Y>0</Y>
			</Location>
			<Size>
				<CX>16</CX>
				<CY>28</CY>
			</Size>
		</Frames>
	</Ui2DAnimation>
	<StaticAnimation item="A_TargetBoxStaticAnim">
		<ScreenID>A_TargetBoxStaticAnim</ScreenID>
		<Animation>A_TargetBox</Animation>
	</StaticAnimation>

	
	<StaticAnimation item="TW_Gaugeblack">
		<RelativePosition>true</RelativePosition>
		<Location>
			<X>17</X>
			<Y>12</Y>
		</Location>
		<Size>
			<CX>103</CX>
			<CY>10</CY>
		</Size>
		<Animation>Blackline</Animation>
	</StaticAnimation>

	<Label item ="Target_Name">
		<Font>2</Font>
		<ScreenID>Target_Name</ScreenID>
		<RelativePosition>true</RelativePosition>
		<Location>
			<X>18</X>
			<Y>0</Y>
		</Location>
		<Size>
			<CX>132</CX>
			<CY>14</CY>
		</Size>
		<Text></Text>
		<TextColor> 
			<R>240</R>
			<G>240</G>
			<B>240</B>
		</TextColor>
		<EQType>28</EQType>
		<NoWrap>true</NoWrap>
		<AlignCenter>false</AlignCenter>
	</Label>

  <Ui2DAnimation item="TW_GaugeFill1">
    <Cycle>true</Cycle>
    <Frames>
      <Texture>window_pieces01.tga</Texture>
      <Location>
        <X>-1890</X>
        <Y>20</Y>
      </Location>
      <Size>
        <CX>10000</CX>
        <CY>8</CY>
      </Size>
      <Hotspot>
        <X>0</X>
        <Y>0</Y>
      </Hotspot>
      <Duration>1000</Duration>
    </Frames>
  </Ui2DAnimation>
  <Ui2DAnimation item="TW_GaugeFill2">
    <Cycle>true</Cycle>
    <Frames>
      <Texture>window_pieces01.tga</Texture>
      <Location>
        <X>-3890</X>
        <Y>20</Y>
      </Location>
      <Size>
        <CX>10000</CX>
        <CY>8</CY>
      </Size>
      <Hotspot>
        <X>0</X>
        <Y>0</Y>
      </Hotspot>
      <Duration>1000</Duration>
    </Frames>
  </Ui2DAnimation>
  <Ui2DAnimation item="TW_GaugeFill3">
    <Cycle>true</Cycle>
    <Frames>
      <Texture>window_pieces01.tga</Texture>
      <Location>
        <X>-5890</X>
        <Y>20</Y>
      </Location>
      <Size>
        <CX>10000</CX>
        <CY>8</CY>
      </Size>
      <Hotspot>
        <X>0</X>
        <Y>0</Y>
      </Hotspot>
      <Duration>1000</Duration>
    </Frames>
  </Ui2DAnimation>
  <Ui2DAnimation item="TW_GaugeFill4">
    <Cycle>true</Cycle>
    <Frames>
      <Texture>window_pieces01.tga</Texture>
      <Location>
        <X>-7890</X>
        <Y>20</Y>
      </Location>
      <Size>
        <CX>10000</CX>
        <CY>8</CY>
      </Size>
      <Hotspot>
        <X>0</X>
        <Y>0</Y>
      </Hotspot>
      <Duration>1000</Duration>
    </Frames>
  </Ui2DAnimation>  

	<Gauge item="Target_Guage_BlackBgd">
		<ScreenID>TargetHP</ScreenID>
		<Font>2</Font>
		<TextColor>
			<R>240</R>
			<G>240</G>
			<B>240</B>
		</TextColor>
		<RelativePosition>true</RelativePosition>
		<Location>
			<X>18</X>
			<Y>13</Y>
		</Location>
		<Size>
			<CX>100</CX>
			<CY>8</CY>
		</Size>
		<GaugeOffsetY>0</GaugeOffsetY>
		<TextOffsetX>8000</TextOffsetX>
		<TextOffsetY>-1</TextOffsetY>
		<Style_VScroll>false</Style_VScroll>
		<Style_HScroll>false</Style_HScroll>
		<Style_Transparent>false</Style_Transparent>
		<TooltipReference/>
		<FillTint>
			<R>240</R>
			<G>0</G>
			<B>0</B>
		</FillTint>
		<LinesFillTint>
			<R>255</R>
			<G>153</G>
			<B>204</B>
		</LinesFillTint>
		<DrawLinesFill>false</DrawLinesFill>
		<EQType>6</EQType>
		<GaugeDrawTemplate>
			<Background>A_GaugeBackground</Background>
		</GaugeDrawTemplate>
	</Gauge>

  <Gauge item = "Target_HP_Gauge0">
		<RelativePosition>true</RelativePosition>
		<Location>
			<X>18</X>
			<Y>13</Y>
		</Location>
		<Size>
			<CX>100</CX>
			<CY>8</CY>
		</Size>
		<GaugeOffsetX>0</GaugeOffsetX>
		<GaugeOffsetY>0</GaugeOffsetY>
		<Text></Text>
		<TextOffsetY>8000</TextOffsetY>
		<Style_VScroll>false</Style_VScroll>
		<Style_HScroll>false</Style_HScroll>
		<Style_Transparent>false</Style_Transparent>
		<!--<TooltipReference/>-->
		<FillTint>
				<R>240</R>
				<G>0</G>
				<B>0</B>
		</FillTint>
		<LinesFillTint>
				<R>0</R>
				<G>0</G>
				<B>0</B>
		</LinesFillTint>
		<DrawLinesFill>false</DrawLinesFill>
		<EQType>6</EQType>
		<GaugeDrawTemplate>
			<Fill>A_GaugeFill</Fill>
		</GaugeDrawTemplate>
	</Gauge>
	<Gauge item = "Target_HP_Gauge1A">
		<RelativePosition>true</RelativePosition>
		<Location>
			<X>0</X>
			<Y>0</Y>
		</Location>
		<Size>
			<CX>8000</CX>
			<CY>8</CY>
		</Size>
		<GaugeOffsetX>-2000</GaugeOffsetX>
		<GaugeOffsetY>0</GaugeOffsetY>
		<Text></Text>
		<TextOffsetY>8000</TextOffsetY>
		<Style_VScroll>false</Style_VScroll>
		<Style_HScroll>false</Style_HScroll>
		<Style_Transparent>false</Style_Transparent>
		<!--<TooltipReference/>-->
		<FillTint>
				<R>240</R>
				<G>102</G>
				<B>0</B>
		</FillTint>
		<LinesFillTint>
				<R>0</R>
				<G>0</G>
				<B>0</B>
		</LinesFillTint>
		<DrawLinesFill>false</DrawLinesFill>
		<EQType>6</EQType>
		<GaugeDrawTemplate>
			<Fill>TW_GaugeFill1</Fill>
		</GaugeDrawTemplate>
	</Gauge>
	<Screen item="Target_HP_Gauge1A_X">
		<RelativePosition>true</RelativePosition>
		<Location>
			<X>18</X>
			<Y>13</Y>
		</Location>
		<Size>
			<CX>20</CX>
			<CY>8</CY>
		</Size>
		<Style_Transparent>true</Style_Transparent>
		<Pieces>Target_HP_Gauge1A</Pieces>
	</Screen>
	<Gauge item = "Target_HP_Gauge1B">
		<RelativePosition>true</RelativePosition>
		<Location>
			<X>38</X>
			<Y>13</Y>
		</Location>
		<Size>
			<CX>80</CX>
			<CY>8</CY>
		</Size>
		<GaugeOffsetX>-20</GaugeOffsetX>
		<GaugeOffsetY>0</GaugeOffsetY>
		<Text></Text>
		<TextOffsetY>8000</TextOffsetY>
		<Style_VScroll>false</Style_VScroll>
		<Style_HScroll>false</Style_HScroll>
		<Style_Transparent>false</Style_Transparent>
		<!--<TooltipReference/>-->
		<FillTint>
				<R>240</R>
				<G>102</G>
				<B>0</B>
		</FillTint>
		<LinesFillTint>
				<R>0</R>
				<G>0</G>
				<B>0</B>
		</LinesFillTint>
		<DrawLinesFill>false</DrawLinesFill>
		<EQType>6</EQType>
		<GaugeDrawTemplate>
			<Fill>A_GaugeFill</Fill>
		</GaugeDrawTemplate>
	</Gauge>
	<Gauge item = "Target_HP_Gauge2A">
		<RelativePosition>true</RelativePosition>
		<Location>
			<X>0</X>
			<Y>0</Y>
		</Location>
		<Size>
			<CX>6000</CX>
			<CY>8</CY>
		</Size>
		<GaugeOffsetX>-4000</GaugeOffsetX>
		<GaugeOffsetY>0</GaugeOffsetY>
		<Text></Text>
		<TextOffsetY>8000</TextOffsetY>
		<Style_VScroll>false</Style_VScroll>
		<Style_HScroll>false</Style_HScroll>
		<Style_Transparent>false</Style_Transparent>
		<!--<TooltipReference/>-->
		<FillTint>
				<R>240</R>
				<G>240</G>
				<B>0</B>
		</FillTint>
		<LinesFillTint>
				<R>0</R>
				<G>0</G>
				<B>0</B>
		</LinesFillTint>
		<DrawLinesFill>false</DrawLinesFill>
		<EQType>6</EQType>
		<GaugeDrawTemplate>
			<Fill>TW_GaugeFill2</Fill>
		</GaugeDrawTemplate>
	</Gauge>
	<Screen item="Target_HP_Gauge2A_X">
		<RelativePosition>true</RelativePosition>
		<Location>
			<X>18</X>
			<Y>13</Y>
		</Location>
		<Size>
			<CX>40</CX>
			<CY>8</CY>
		</Size>
		<Style_Transparent>true</Style_Transparent>
		<Pieces>Target_HP_Gauge2A</Pieces>
	</Screen>
	<Gauge item = "Target_HP_Gauge2B">
		<RelativePosition>true</RelativePosition>
		<Location>
			<X>58</X>
			<Y>13</Y>
		</Location>
		<Size>
			<CX>60</CX>
			<CY>8</CY>
		</Size>
		<GaugeOffsetX>-40</GaugeOffsetX>
		<GaugeOffsetY>0</GaugeOffsetY>
		<Text></Text>
		<TextOffsetY>8000</TextOffsetY>
		<Style_VScroll>false</Style_VScroll>
		<Style_HScroll>false</Style_HScroll>
		<Style_Transparent>false</Style_Transparent>
		<!--<TooltipReference/>-->
		<FillTint>
				<R>240</R>
				<G>240</G>
				<B>0</B>
		</FillTint>
		<LinesFillTint>
				<R>0</R>
				<G>0</G>
				<B>0</B>
		</LinesFillTint>
		<DrawLinesFill>false</DrawLinesFill>
		<EQType>6</EQType>
		<GaugeDrawTemplate>
			<Fill>A_GaugeFill</Fill>
		</GaugeDrawTemplate>
	</Gauge>
	<Gauge item = "Target_HP_Gauge3A">
		<RelativePosition>true</RelativePosition>
		<Location>
			<X>0</X>
			<Y>0</Y>
		</Location>
		<Size>
			<CX>4000</CX>
			<CY>8</CY>
		</Size>
		<GaugeOffsetX>-6000</GaugeOffsetX>
		<GaugeOffsetY>0</GaugeOffsetY>
		<Text></Text>
		<TextOffsetY>8000</TextOffsetY>
		<Style_VScroll>false</Style_VScroll>
		<Style_HScroll>false</Style_HScroll>
		<Style_Transparent>false</Style_Transparent>
		<!--<TooltipReference/>-->
		<FillTint>
				<R>173</R>
				<G>255</G>
				<B>47</B>
		</FillTint>
		<LinesFillTint>
				<R>0</R>
				<G>0</G>
				<B>0</B>
		</LinesFillTint>
		<DrawLinesFill>false</DrawLinesFill>
		<EQType>6</EQType>
		<GaugeDrawTemplate>
			<Fill>TW_GaugeFill3</Fill>
		</GaugeDrawTemplate>
	</Gauge>
	<Screen item="Target_HP_Gauge3A_X">
		<RelativePosition>true</RelativePosition>
		<Location>
			<X>18</X>
			<Y>13</Y>
		</Location>
		<Size>
			<CX>60</CX>
			<CY>8</CY>
		</Size>
		<Style_Transparent>true</Style_Transparent>
		<Pieces>Target_HP_Gauge3A</Pieces>
	</Screen>
	<Gauge item = "Target_HP_Gauge3B">
		<RelativePosition>true</RelativePosition>
		<Location>
			<X>78</X>
			<Y>13</Y>
		</Location>
		<Size>
			<CX>40</CX>
			<CY>8</CY>
		</Size>
		<GaugeOffsetX>-60</GaugeOffsetX>
		<GaugeOffsetY>0</GaugeOffsetY>
		<Text></Text>
		<TextOffsetY>8000</TextOffsetY>
		<Style_VScroll>false</Style_VScroll>
		<Style_HScroll>false</Style_HScroll>
		<Style_Transparent>false</Style_Transparent>
		<!--<TooltipReference/>-->
		<FillTint>
				<R>173</R>
				<G>255</G>
				<B>47</B>
		</FillTint>
		<LinesFillTint>
				<R>0</R>
				<G>0</G>
				<B>0</B>
		</LinesFillTint>
		<DrawLinesFill>false</DrawLinesFill>
		<EQType>6</EQType>
		<GaugeDrawTemplate>
			<Fill>A_GaugeFill</Fill>
		</GaugeDrawTemplate>
	</Gauge>
	<Gauge item = "Target_HP_Gauge4A">
		<RelativePosition>true</RelativePosition>
		<Location>
			<X>0</X>
			<Y>0</Y>
		</Location>
		<Size>
			<CX>2000</CX>
			<CY>8</CY>
		</Size>
		<GaugeOffsetX>-8000</GaugeOffsetX>
		<GaugeOffsetY>0</GaugeOffsetY>
		<Text></Text>
		<TextOffsetY>8000</TextOffsetY>
		<Style_VScroll>false</Style_VScroll>
		<Style_HScroll>false</Style_HScroll>
		<Style_Transparent>false</Style_Transparent>
		<!--<TooltipReference/>-->
		<FillTint>
				<R>0</R>
				<G>240</G>
				<B>0</B>
		</FillTint>
		<LinesFillTint>
				<R>0</R>
				<G>0</G>
				<B>0</B>
		</LinesFillTint>
		<DrawLinesFill>false</DrawLinesFill>
		<EQType>6</EQType>
		<GaugeDrawTemplate>
			<Fill>TW_GaugeFill4</Fill>
		</GaugeDrawTemplate>
	</Gauge>
	<Screen item="Target_HP_Gauge4A_X">
		<RelativePosition>true</RelativePosition>
		<Location>
			<X>18</X>
			<Y>13</Y>
		</Location>
		<Size>
			<CX>80</CX>
			<CY>8</CY>
		</Size>
		<Style_Transparent>true</Style_Transparent>
		<Pieces>Target_HP_Gauge4A</Pieces>
	</Screen>
	<Gauge item = "Target_HP_Gauge4B">
		<RelativePosition>true</RelativePosition>
		<Location>
			<X>98</X>
			<Y>13</Y>
		</Location>
		<Size>
			<CX>20</CX>
			<CY>8</CY>
		</Size>
		<GaugeOffsetX>-80</GaugeOffsetX>
		<GaugeOffsetY>0</GaugeOffsetY>
		<Text></Text>
		<TextOffsetY>8000</TextOffsetY>
		<Style_VScroll>false</Style_VScroll>
		<Style_HScroll>false</Style_HScroll>
		<Style_Transparent>false</Style_Transparent>
		<!--<TooltipReference/>-->
		<FillTint>
				<R>0</R>
				<G>240</G>
				<B>0</B>
		</FillTint>
		<LinesFillTint>
				<R>0</R>
				<G>0</G>
				<B>0</B>
		</LinesFillTint>
		<DrawLinesFill>false</DrawLinesFill>
		<EQType>6</EQType>
		<GaugeDrawTemplate>
			<Fill>A_GaugeFill</Fill>
		</GaugeDrawTemplate>
	</Gauge>
	
	<Gauge item="Target_HP">
		<ScreenID>TargetHP</ScreenID>
		<Font>2</Font>
		<TextColor>
			<R>240</R>
			<G>240</G>
			<B>240</B>
		</TextColor>
		<RelativePosition>true</RelativePosition>
		<Location>
			<X>3</X>
			<Y>13</Y>
		</Location>
		<Size>
			<CX>115</CX>
			<CY>8</CY>
		</Size>
		<GaugeOffsetY>0</GaugeOffsetY>
		<TextOffsetX>8000</TextOffsetX>
		<TextOffsetY>-1</TextOffsetY>
		<Style_VScroll>false</Style_VScroll>
		<Style_HScroll>false</Style_HScroll>
		<Style_Transparent>true</Style_Transparent>
		<TooltipReference/>
		<FillTint>
			<R>240</R>
			<G>0</G>
			<B>0</B>
		</FillTint>
		<LinesFillTint>
			<R>255</R>
			<G>153</G>
			<B>204</B>
		</LinesFillTint>
		<DrawLinesFill>false</DrawLinesFill>
		<EQType>6</EQType>
		<GaugeDrawTemplate>
			<Lines>A_GaugeLines</Lines>
			<LinesFill>A_GaugeLinesFill</LinesFill>
			<EndCapLeft>A_Targetimage</EndCapLeft>
		</GaugeDrawTemplate>
	</Gauge>
	
	<Label item="Target_HPLabel">
		<ScreenID>HPLabel</ScreenID>
		<EQType>29</EQType>
		<Font>1</Font>
		<RelativePosition>true</RelativePosition>
		<Location>
			<X>102</X>
			<Y>11</Y>
		</Location>
		<Size>
			<CX>35</CX>
			<CY>15</CY>
		</Size>
		<Text>0</Text>
		<TextColor>
			<R>255</R>
			<G>255</G>
			<B>0</B>
		</TextColor>
		<NoWrap>true</NoWrap>
		<AlignCenter>false</AlignCenter>
		<AlignRight>true</AlignRight>
		<AlignLeft>false</AlignLeft>
		<Style_Tooltip>false</Style_Tooltip>
	</Label>
	<Label item="Target_HPPercLabel">
		<ScreenID>HPPercLabel</ScreenID>
		<Font>1</Font>
		<RelativePosition>true</RelativePosition>
		<Location>
			<X>110</X>
			<Y>11</Y>
		</Location>
		<Size>
			<CX>35</CX>
			<CY>15</CY>
		</Size>
		<Text>%</Text>
		<TextColor>
			<R>255</R>
			<G>255</G>
			<B>0</B>
		</TextColor>
		<NoWrap>true</NoWrap>
		<AlignCenter>false</AlignCenter>
		<AlignRight>true</AlignRight>
		<AlignLeft>false</AlignLeft>
		<Style_Tooltip>false</Style_Tooltip>
	</Label>

	<Gauge item="STW_Casting_Gauge">
		<ScreenID>Gauge</ScreenID>
		<!--<Font>3</Font> -->
		<RelativePosition>true</RelativePosition>
		<Location>
			<X>18</X>
			<Y>25</Y>
		</Location>
		<Size>
			<CX>101</CX>
			<CY>2</CY>
		</Size>
		<GaugeOffsetY>0</GaugeOffsetY>
		<Style_VScroll>false</Style_VScroll>
		<Style_HScroll>false</Style_HScroll>
		<Style_Transparent>false</Style_Transparent>
		<!--<TooltipReference/>-->
		<FillTint>
			<R>240</R>
			<G>240</G>
			<B>0</B>
		</FillTint>
		<LinesFillTint>
			<R>0</R>
			<G>0</G>
			<B>0</B>
		</LinesFillTint>
		<DrawLinesFill>false</DrawLinesFill>
		<EQType>7</EQType>
		<GaugeDrawTemplate>
			<Fill>A_GaugeFill</Fill>
		</GaugeDrawTemplate>
	</Gauge>

	<Label item="STW_SpellName">
		<ScreenID/>
		<EQType>134</EQType>
		<Font>1</Font>
		<RelativePosition>true</RelativePosition> 
		<Location>
			<X>2</X> 
			<Y>28</Y> 
		</Location>
		<Size>
			<CX>150</CX> 
			<CY>15</CY> 
		</Size>
			<EQType>1</EQType> 
		<TextColor>
			<R>155</R>
			<G>155</G>
			<B>155</B>
		</TextColor>
		<NoWrap>true</NoWrap> 
		<AlignCenter>false</AlignCenter> 
		<AlignRight>false</AlignRight> 
		<AlignLeft>true</AlignLeft> 
	</Label>

	<Screen item="TargetWindow">
		<ScreenID/>
		<RelativePosition>false</RelativePosition>
		<Location>
			<X>197</X>
			<Y>240</Y>
		</Location>
		<Size>
			<CX>155</CX>
			<CY>45</CY>
		</Size>
		<Text></Text>
		<Style_VScroll>false</Style_VScroll>
		<Style_HScroll>false</Style_HScroll>
		<Style_Transparent>false</Style_Transparent>
		<DrawTemplate>WDT_RoundedNoTitle</DrawTemplate>
		<Style_Titlebar>false</Style_Titlebar>
		<Style_Closebox>false</Style_Closebox>
		<Style_Minimizebox>false</Style_Minimizebox>
		<Style_Border>false</Style_Border>
		<Style_Sizable>false</Style_Sizable>
		<Pieces>TW_V_barblack</Pieces>
		<Pieces>TW_V_bartop</Pieces>
		<Pieces>TW_V_barmiddle</Pieces>
		<Pieces>TW_V_barbottom</Pieces>
		<Pieces>TW_Gaugeblack</Pieces>
		<Pieces>Target_Name</Pieces>
		<Pieces>Target_Guage_BlackBgd</Pieces>		
		<Pieces>Target_HP_Gauge0</Pieces>
		<Pieces>Target_HP_Gauge1A_X</Pieces>
		<Pieces>Target_HP_Gauge1B</Pieces>
		<Pieces>Target_HP_Gauge2A_X</Pieces>
		<Pieces>Target_HP_Gauge2B</Pieces>
	    <Pieces>Target_HP_Gauge3A_X</Pieces>
	    <Pieces>Target_HP_Gauge3B</Pieces>
		<Pieces>Target_HP_Gauge4A_X</Pieces>
		<Pieces>Target_HP_Gauge4B</Pieces>
		<Pieces>Target_HP</Pieces>
		<Pieces>Target_HPLabel</Pieces>
		<Pieces>Target_HPPercLabel</Pieces>
		<Pieces>STW_Casting_Gauge</Pieces>
		<Pieces>STW_SpellName</Pieces>
		<Pieces>A_TargetBoxStaticAnim</Pieces>
	</Screen>
</XML>
